Workbook

Sheet LISTA TECNICA
A2: Ref. | B2: Material | C2: Texto breve material | D2: Status | E2: Descrição | F2: LT alt. | G2: TpMaterial | H2: Centro | I2: Material | J2: Texto breve material | K2: Status | L2: Descrição | M2: Qtd.(UMB) | N2: UMB | O2: CONS.Unit | P2: PROGRAMA
P3: =IFERROR(VLOOKUP($A4,'PROGRAMA MES '!$A:$B,2,0),0) -> 2760
A4: =B4 -> 9007 | B4: 9007 | C4: VASSOURA GARI RIGIDA S/CABO SUPERPRO1X12 | D4: 99 | E4: Itens regulares | F4: 1 | G4: VERP | H4: 0800 | I4: 4000138 | J4: AC 944A - 9007 | K4: 99 | L4: Itens regulares | M4: 1667 | N4: PC | O4: =M4/10000 -> 0.1667 | P4: =O4*$P$3 -> 460.092
B5: 9007 | C5: VASSOURA GARI RIGIDA S/CABO SUPERPRO1X12 | D5: 99 | E5: Itens regulares | F5: 1 | G5: VERP | H5: 0800 | I5: 4001340 | J5: CX 944 - 9007 | K5: 99 | L5: Itens regulares | M5: 834 | N5: PC | O5: =M5/10000 -> 0.0834 | P5: =O5*$P$3 -> 230.184
B6: 9007 | C6: VASSOURA GARI RIGIDA S/CABO SUPERPRO1X12 | D6: 99 | E6: Itens regulares | F6: 1 | G6: VERP | H6: 0800 | I6: 4002360 | J6: ETIQ 9007 - PRO | K6: 99 | L6: Itens regulares | M6: 10000 | N6: PC | O6: =M6/10000 -> 1 | P6: =O6*$P$3 -> 2760
B7: 9007 | C7: VASSOURA GARI RIGIDA S/CABO SUPERPRO1X12 | D7: 99 | E7: Itens regulares | F7: 1 | G7: VERP | H7: 0800 | I7: 4002826 | J7: FITA DUREX 70X100MX45MIC C/ IMP. INBETTA | K7: 99 | L7: Itens regulares | M7: 10 | N7: PC | O7: =M7/10000 -> 0.001 | P7: =O7*$P$3 -> 2.76
B8: 9007 | C8: VASSOURA GARI RIGIDA S/CABO SUPERPRO1X12 | D8: 99 | E8: Itens regulares | F8: 1 | G8: FERT | H8: 0800 | I8: C9007 | J8: VASSOURAO GARI CERDAS RIGIDA S/CABO 1X12 | K8: 3 | L8: Itens Inativos | M8: 10000 | N8: PC | O8: =M8/10000 -> 1 | P8: =O8*$P$3 -> 2760
P10: =IFERROR(VLOOKUP($A11,'PROGRAMA MES '!$A:$B,2,0),0) -> 14400
A11: =B11 -> 9010 | B11: 9010 | C11: CABO ACO 1,5M D25MM C/ROSCA SUPERPRO1X12 | D11: 99 | E11: Itens regulares | F11: 1 | G11: VERP | H11: 0800 | I11: 4002366 | J11: ETIQ 9010 CABO CHAPA 1,50 M 25MM - PRO | K11: 99 | L11: Itens regulares | M11: 10000 | N11: PC | O11: =M11/10000 -> 1 | P11: =O11*$P$10 -> 14400
B12: 9010 | C12: CABO ACO 1,5M D25MM C/ROSCA SUPERPRO1X12 | D12: 99 | E12: Itens regulares | F12: 1 | G12: VERP | H12: 0800 | I12: 4012138 | J12: BOB PEBD CANELA TUBULAR 1,8 M X 0,14 MM | K12: 99 | L12: Itens regulares | M12: 44.17 | N12: KG | O12: =M12/10000 -> 0.004417 | P12: =O12*$P$10 -> 63.6048
B13: 9010 | C13: CABO ACO 1,5M D25MM C/ROSCA SUPERPRO1X12 | D13: 99 | E13: Itens regulares | F13: 1 | G13: FERT | H13: 0800 | I13: C9010 | J13: CABO DE CHAPA DE ACO 150CM C/ROSCA 1X12 | K13: 3 | L13: Itens Inativos | M13: 10000 | N13: PC | O13: =M13/10000 -> 1 | P13: =O13*$P$10 -> 14400
P15: =IFERROR(VLOOKUP($A16,'PROGRAMA MES '!$A:$B,2,0),0) -> 1200
A16: =B16 -> 9012 | B16: 9012 | C16: CABO ACO 1,3M D25MM C/ROSCA SUPERPRO1X12 | D16: 99 | E16: Itens regulares | F16: 1 | G16: VERP | H16: 0800 | I16: 4002368 | J16: ETIQ 9012 CABO CHAPA 1,30M 25MM - PRO | K16: 99 | L16: Itens regulares | M16: 10000 | N16: PC | O16: =M16/10000 -> 1 | P16: =O16*$P$15 -> 1200
B17: 9012 | C17: CABO ACO 1,3M D25MM C/ROSCA SUPERPRO1X12 | D17: 99 | E17: Itens regulares | F17: 1 | G17: VERP | H17: 0800 | I17: 4002826 | J17: FITA DUREX 70X100MX45MIC C/ IMP. INBETTA | K17: 99 | L17: Itens regulares | M17: 1 | N17: PC | O17: =M17/10000 -> 0.0001 | P17: =O17*$P$15 -> 0.12
B18: 9012 | C18: CABO ACO 1,3M D25MM C/ROSCA SUPERPRO1X12 | D18: 99 | E18: Itens regulares | F18: 1 | G18: FERT | H18: 0800 | I18: C9012 | J18: CABO CHAPA DE ACO 130CM C/ROSCA 1X12 | K18: 3 | L18: Itens Inativos | M18: 10000 | N18: PC | O18: =M18/10000 -> 1 | P18: =O18*$P$15 -> 1200
P20: =IFERROR(VLOOKUP($A21,'PROGRAMA MES '!$A:$B,2,0),0) -> 0
A21: =B21 -> 9014 | B21: 9014 | C21: CABO ALUMINIO 1,5M D25MM SUPERPRO1X6 | D21: 99 | E21: Itens regulares | F21: 1 | G21: ROH | H21: 0800 | I21: 3005652 | J21: TUBO ALUMINIO 25MMX1500MM | K21: 99 | L21: Itens regulares | M21: 10000 | N21: PC | O21: =M21/10000 -> 1 | P21: =O21*$P$20 -> 0
B22: 9014 | C22: CABO ALUMINIO 1,5M D25MM SUPERPRO1X6 | D22: 99 | E22: Itens regulares | F22: 1 | G22: ROH | H22: 0800 | I22: 3005679 | J22: PUNHO DIAMETRO 25,4 MM - 2000805 | K22: 99 | L22: Itens regulares | M22: 10000 | N22: PC | O22: =M22/10000 -> 1 | P22: =O22*$P$20 -> 0
B23: 9014 | C23: CABO ALUMINIO 1,5M D25MM SUPERPRO1X6 | D23: 99 | E23: Itens regulares | F23: 1 | G23: VERP | H23: 0800 | I23: 4002370 | J23: ETIQ 9014 CABO ALUM 1,50M 25MM - PRO | K23: 99 | L23: Itens regulares | M23: 10000 | N23: PC | O23: =M23/10000 -> 1 | P23: =O23*$P$20 -> 0
B24: 9014 | C24: CABO ALUMINIO 1,5M D25MM SUPERPRO1X6 | D24: 99 | E24: Itens regulares | F24: 1 | G24: VERP | H24: 0800 | I24: 4002826 | J24: FITA DUREX 70X100MX45MIC C/ IMP. INBETTA | K24: 99 | L24: Itens regulares | M24: 20 | N24: PC | O24: =M24/10000 -> 0.002 | P24: =O24*$P$20 -> 0
B25: 9014 | C25: CABO ALUMINIO 1,5M D25MM SUPERPRO1X6 | D25: 99 | E25: Itens regulares | F25: 1 | G25: VERP | H25: 0800 | I25: 4003583 | J25: SACO PEBD 13X170X0,20 P/ CABO ALUMINIO | K25: 99 | L25: Itens regulares | M25: 1667 | N25: PC | O25: =M25/10000 -> 0.1667 | P25: =O25*$P$20 -> 0
B26: 9014 | C26: CABO ALUMINIO 1,5M D25MM SUPERPRO1X6 | D26: 99 | E26: Itens regulares | F26: 1 | G26: VERP | H26: 0800 | I26: 4003593 | J26: SACO PEBD 18X1,70X0,20 CABOS | K26: 99 | L26: Itens regulares | M26: 1667 | N26: PC | O26: =M26/10000 -> 0.1667 | P26: =O26*$P$20 -> 0
P28: =IFERROR(VLOOKUP($A29,'PROGRAMA MES '!$A:$B,2,0),0) -> 3600
A29: =B29 -> 9015 | B29: 9015 | C29: CABO ACO 1,2M D22MM C/ROSCA SUPERPRO1X12 | D29: 99 | E29: Itens regulares | F29: 1 | G29: VERP | H29: 0800 | I29: 4002371 | J29: ETIQ 9015 CABO CHAPA 1,20M 22MM - PRO | K29: 99 | L29: Itens regulares | M29: 10000 | N29: PC | O29: =M29/10000 -> 1 | P29: =O29*$P$28 -> 3600
B30: 9015 | C30: CABO ACO 1,2M D22MM C/ROSCA SUPERPRO1X12 | D30: 99 | E30: Itens regulares | F30: 1 | G30: FERT | H30: 0800 | I30: C9015 | J30: CABO CHAPA DE ACO 120CM C/ROSCA 1X12 | K30: 3 | L30: Itens Inativos | M30: 10000 | N30: PC | O30: =M30/10000 -> 1 | P30: =O30*$P$28 -> 3600
P32: =IFERROR(VLOOKUP($A33,'PROGRAMA MES '!$A:$B,2,0),0) -> 0
A33: =B33 -> 9019 | B33: 9019 | C33: CABO ALUMINIO 1,5M D22MM SUPERPRO1X6 | D33: 99 | E33: Itens regulares | F33: 1 | G33: ROH | H33: 0800 | I33: 3005651 | J33: TUBO DE ALUMINIO 21MM X 1500MM | K33: 99 | L33: Itens regulares | M33: 10000 | N33: PC | O33: =M33/10000 -> 1 | P33: =O33*$P$32 -> 0
B34: 9019 | C34: CABO ALUMINIO 1,5M D22MM SUPERPRO1X6 | D34: 99 | E34: Itens regulares | F34: 1 | G34: ROH | H34: 0800 | I34: 3005680 | J34: PUNHO DIAMETRO 22 MM - 2000804 | K34: 99 | L34: Itens regulares | M34: 10000 | N34: PC | O34: =M34/10000 -> 1 | P34: =O34*$P$32 -> 0
B35: 9019 | C35: CABO ALUMINIO 1,5M D22MM SUPERPRO1X6 | D35: 99 | E35: Itens regulares | F35: 1 | G35: ROH | H35: 0800 | I35: 3005681 | J35: PONTEIRA ROSCA 21-9019 - 2000818 | K35: 99 | L35: Itens regulares | M35: 10000 | N35: PC | O35: =M35/10000 -> 1 | P35: =O35*$P$32 -> 0
B36: 9019 | C36: CABO ALUMINIO 1,5M D22MM SUPERPRO1X6 | D36: 99 | E36: Itens regulares | F36: 1 | G36: VERP | H36: 0800 | I36: 4002373 | J36: ETIQ 9019 - PRO | K36: 99 | L36: Itens regulares | M36: 10000 | N36: PC | O36: =M36/10000 -> 1 | P36: =O36*$P$32 -> 0
B37: 9019 | C37: CABO ALUMINIO 1,5M D22MM SUPERPRO1X6 | D37: 99 | E37: Itens regulares | F37: 1 | G37: VERP | H37: 0800 | I37: 4003583 | J37: SACO PEBD 13X170X0,20 P/ CABO ALUMINIO | K37: 99 | L37: Itens regulares | M37: 1667 | N37: PC | O37: =M37/10000 -> 0.1667 | P37: =O37*$P$32 -> 0
B38: 9019 | C38: CABO ALUMINIO 1,5M D22MM SUPERPRO1X6 | D38: 99 | E38: Itens regulares | F38: 1 | G38: VERP | H38: 0800 | I38: 4003593 | J38: SACO PEBD 18X1,70X0,20 CABOS | K38: 99 | L38: Itens regulares | M38: 1667 | N38: PC | O38: =M38/10000 -> 0.1667 | P38: =O38*$P$32 -> 0
P40: =IFERROR(VLOOKUP($A41,'PROGRAMA MES '!$A:$B,2,0),0) -> 2400
A41: =B41 -> 9032 | B41: 9032 | C41: CABO EXTENSOR ACO 2M SUPERPRO1X6 | D41: 99 | E41: Itens regulares | F41: 1 | G41: VERP | H41: 0800 | I41: 4002378 | J41: ETIQ 9032 - PRO | K41: 99 | L41: Itens regulares | M41: 10000 | N41: PC | O41: =M41/10000 -> 1 | P41: =O41*$P$40 -> 2400
B42: 9032 | C42: CABO EXTENSOR ACO 2M SUPERPRO1X6 | D42: 99 | E42: Itens regulares | F42: 1 | G42: VERP | H42: 0800 | I42: 4002826 | J42: FITA DUREX 70X100MX45MIC C/ IMP. INBETTA | K42: 99 | L42: Itens regulares | M42: 20 | N42: PC | O42: =M42/10000 -> 0.002 | P42: =O42*$P$40 -> 4.8
B43: 9032 | C43: CABO EXTENSOR ACO 2M SUPERPRO1X6 | D43: 99 | E43: Itens regulares | F43: 1 | G43: VERP | H43: 0800 | I43: 4007196 | J43: SACO PEBD 18 X 120 X 0,20 | K43: 99 | L43: Itens regulares | M43: 1667 | N43: PC | O43: =M43/10000 -> 0.1667 | P43: =O43*$P$40 -> 400.08
B44: 9032 | C44: CABO EXTENSOR ACO 2M SUPERPRO1X6 | D44: 99 | E44: Itens regulares | F44: 1 | G44: FERT | H44: 0800 | I44: C9032 | J44: CABO EXTENSOR CHAPA ACO 2 METROS 1X6 | K44: 3 | L44: Itens Inativos | M44: 10000 | N44: PC | O44: =M44/10000 -> 1 | P44: =O44*$P$40 -> 2400
P46: =IFERROR(VLOOKUP($A47,'PROGRAMA MES '!$A:$B,2,0),0) -> 3600
A47: =B47 -> 9033 | B47: 9033 | C47: CABO EXTENSOR ACO 3M SUPERPRO 1X6 | D47: 99 | E47: Itens regulares | F47: 1 | G47: VERP | H47: 0800 | I47: 4002379 | J47: ETIQ 9033 - PRO | K47: 99 | L47: Itens regulares | M47: 10000 | N47: PC | O47: =M47/10000 -> 1 | P47: =O47*$P$46 -> 3600
B48: 9033 | C48: CABO EXTENSOR ACO 3M SUPERPRO 1X6 | D48: 99 | E48: Itens regulares | F48: 1 | G48: VERP | H48: 0800 | I48: 4002826 | J48: FITA DUREX 70X100MX45MIC C/ IMP. INBETTA | K48: 99 | L48: Itens regulares | M48: 20 | N48: PC | O48: =M48/10000 -> 0.002 | P48: =O48*$P$46 -> 7.2
B49: 9033 | C49: CABO EXTENSOR ACO 3M SUPERPRO 1X6 | D49: 99 | E49: Itens regulares | F49: 1 | G49: VERP | H49: 0800 | I49: 4003593 | J49: SACO PEBD 18X1,70X0,20 CABOS | K49: 99 | L49: Itens regulares | M49: 1667 | N49: PC | O49: =M49/10000 -> 0.1667 | P49: =O49*$P$46 -> 600.12
B50: 9033 | C50: CABO EXTENSOR ACO 3M SUPERPRO 1X6 | D50: 99 | E50: Itens regulares | F50: 1 | G50: VERP | H50: 0800 | I50: 4012138 | J50: BOB PEBD CANELA TUBULAR 1,8 M X 0,14 MM | K50: 99 | L50: Itens regulares | M50: 70 | N50: KG | O50: =M50/10000 -> 0.007 | P50: =O50*$P$46 -> 25.2
B51: 9033 | C51: CABO EXTENSOR ACO 3M SUPERPRO 1X6 | D51: 99 | E51: Itens regulares | F51: 1 | G51: FERT | H51: 0800 | I51: C9033 | J51: CABO EXTENSOR CHAPA ACO 3 METROS 1X6 | K51: 3 | L51: Itens Inativos | M51: 10000 | N51: PC | O51: =M51/10000 -> 1 | P51: =O51*$P$46 -> 3600
P53: =IFERROR(VLOOKUP($A54,'PROGRAMA MES '!$A:$B,2,0),0) -> 3000
A54: =B54 -> 9044 | B54: 9044 | C54: CABO URNA ACO1,67M S/ROSCA SUPERPRO1X12 | D54: 99 | E54: Itens regulares | F54: 1 | G54: VERP | H54: 0800 | I54: 4012138 | J54: BOB PEBD CANELA TUBULAR 1,8 M X 0,14 MM | K54: 99 | L54: Itens regulares | M54: 22.1 | N54: KG | O54: =M54/10000 -> 0.00221 | P54: =O54*$P$53 -> 6.63
B55: 9044 | C55: CABO URNA ACO1,67M S/ROSCA SUPERPRO1X12 | D55: 99 | E55: Itens regulares | F55: 1 | G55: FERT | H55: 0800 | I55: C9044 | J55: CABO CHAPA DE ACO P/ URNA 1,670M - 1X12 | K55: 3 | L55: Itens Inativos | M55: 10000 | N55: PC | O55: =M55/10000 -> 1 | P55: =O55*$P$53 -> 3000
P57: =IFERROR(VLOOKUP($A58,'PROGRAMA MES '!$A:$B,2,0),0) -> 3600
A58: =B58 -> 9050 | B58: 9050 | C58: RODO ALUM 50CM SIMPL S/CABO SUPERPRO1X6 | D58: 99 | E58: Itens regulares | F58: 1 | G58: ROH | H58: 0800 | I58: 3000618 | J58: PERFIL ALUM SIMPLES 3520 50/70 | K58: 99 | L58: Itens regulares | M58: 1429 | N58: PC | O58: =M58/10000 -> 0.1429 | P58: =O58*$P$57 -> 514.44
B59: 9050 | C59: RODO ALUM 50CM SIMPL S/CABO SUPERPRO1X6 | D59: 99 | E59: Itens regulares | F59: 1 | G59: ROH | H59: 0800 | I59: 3000992 | J59: REBITE ALUMINIO MACICO DIAM 4,62X135 MM | K59: 99 | L59: Itens regulares | M59: 20000 | N59: PC | O59: =M59/10000 -> 2 | P59: =O59*$P$57 -> 7200
B60: 9050 | C60: RODO ALUM 50CM SIMPL S/CABO SUPERPRO1X6 | D60: 99 | E60: Itens regulares | F60: 1 | G60: ROH | H60: 0800 | I60: 3001609 | J60: PERFIL BORRACHA RODO ALUM 50CM (14307) | K60: 99 | L60: Itens regulares | M60: 10000 | N60: PC | O60: =M60/10000 -> 1 | P60: =O60*$P$57 -> 3600
B61: 9050 | C61: RODO ALUM 50CM SIMPL S/CABO SUPERPRO1X6 | D61: 99 | E61: Itens regulares | F61: 1 | G61: ROH | H61: 0800 | I61: 3005702 | J61: CASTELO RODO ALUMINIO - 2000654 | K61: 99 | L61: Itens regulares | M61: 10000 | N61: PC | O61: =M61/10000 -> 1 | P61: =O61*$P$57 -> 3600
B62: 9050 | C62: RODO ALUM 50CM SIMPL S/CABO SUPERPRO1X6 | D62: 99 | E62: Itens regulares | F62: 1 | G62: VERP | H62: 0800 | I62: 4001403 | J62: CX 993 - 9050 | K62: 99 | L62: Itens regulares | M62: 1667 | N62: PC | O62: =M62/10000 -> 0.1667 | P62: =O62*$P$57 -> 600.12
B63: 9050 | C63: RODO ALUM 50CM SIMPL S/CABO SUPERPRO1X6 | D63: 99 | E63: Itens regulares | F63: 1 | G63: VERP | H63: 0800 | I63: 4002380 | J63: ETIQ 9050 - PRO | K63: 99 | L63: Itens regulares | M63: 10000 | N63: PC | O63: =M63/10000 -> 1 | P63: =O63*$P$57 -> 3600
B64: 9050 | C64: RODO ALUM 50CM SIMPL S/CABO SUPERPRO1X6 | D64: 99 | E64: Itens regulares | F64: 1 | G64: VERP | H64: 0800 | I64: 4002826 | J64: FITA DUREX 70X100MX45MIC C/ IMP. INBETTA | K64: 99 | L64: Itens regulares | M64: 22 | N64: PC | O64: =M64/10000 -> 0.0022 | P64: =O64*$P$57 -> 7.92
B65: 9050 | C65: RODO ALUM 50CM SIMPL S/CABO SUPERPRO1X6 | D65: 99 | E65: Itens regulares | F65: 1 | G65: VERP | H65: 0800 | I65: 4016160 | J65: FILME STRECH 23/25 MIC 50CM | K65: 99 | L65: Itens regulares | M65: 10 | N65: KG | O65: =M65/10000 -> 0.001 | P65: =O65*$P$57 -> 3.6
P67: =IFERROR(VLOOKUP($A68,'PROGRAMA MES '!$A:$B,2,0),0) -> 0
A68: =B68 -> 9056 | B68: 9056 | C68: RODO ALUM 50CM DUPLO S/CABO SUPERPRO 1X6 | D68: 99 | E68: Itens regulares | F68: 1 | G68: ROH | H68: 0800 | I68: 3000617 | J68: PERFIL ALUM DUPLO 3520 50/70 | K68: 99 | L68: Itens regulares | M68: 1429 | N68: PC | O68: =M68/10000 -> 0.1429 | P68: =O68*$P$67 -> 0
B69: 9056 | C69: RODO ALUM 50CM DUPLO S/CABO SUPERPRO 1X6 | D69: 99 | E69: Itens regulares | F69: 1 | G69: ROH | H69: 0800 | I69: 3000992 | J69: REBITE ALUMINIO MACICO DIAM 4,62X135 MM | K69: 99 | L69: Itens regulares | M69: 20000 | N69: PC | O69: =M69/10000 -> 2 | P69: =O69*$P$67 -> 0
B70: 9056 | C70: RODO ALUM 50CM DUPLO S/CABO SUPERPRO 1X6 | D70: 99 | E70: Itens regulares | F70: 1 | G70: ROH | H70: 0800 | I70: 3001609 | J70: PERFIL BORRACHA RODO ALUM 50CM (14307) | K70: 99 | L70: Itens regulares | M70: 20000 | N70: PC | O70: =M70/10000 -> 2 | P70: =O70*$P$67 -> 0
B71: 9056 | C71: RODO ALUM 50CM DUPLO S/CABO SUPERPRO 1X6 | D71: 99 | E71: Itens regulares | F71: 1 | G71: ROH | H71: 0800 | I71: 3005702 | J71: CASTELO RODO ALUMINIO - 2000654 | K71: 99 | L71: Itens regulares | M71: 10000 | N71: PC | O71: =M71/10000 -> 1 | P71: =O71*$P$67 -> 0
B72: 9056 | C72: RODO ALUM 50CM DUPLO S/CABO SUPERPRO 1X6 | D72: 99 | E72: Itens regulares | F72: 1 | G72: VERP | H72: 0800 | I72: 4001404 | J72: CX 994 - 9056 | K72: 99 | L72: Itens regulares | M72: 1667 | N72: PC | O72: =M72/10000 -> 0.1667 | P72: =O72*$P$67 -> 0
B73: 9056 | C73: RODO ALUM 50CM DUPLO S/CABO SUPERPRO 1X6 | D73: 99 | E73: Itens regulares | F73: 1 | G73: VERP | H73: 0800 | I73: 4002385 | J73: ETIQ 9056 - PRO | K73: 99 | L73: Itens regulares | M73: 10000 | N73: PC | O73: =M73/10000 -> 1 | P73: =O73*$P$67 -> 0
B74: 9056 | C74: RODO ALUM 50CM DUPLO S/CABO SUPERPRO 1X6 | D74: 99 | E74: Itens regulares | F74: 1 | G74: VERP | H74: 0800 | I74: 4002826 | J74: FITA DUREX 70X100MX45MIC C/ IMP. INBETTA | K74: 99 | L74: Itens regulares | M74: 22 | N74: PC | O74: =M74/10000 -> 0.0022 | P74: =O74*$P$67 -> 0
B75: 9056 | C75: RODO ALUM 50CM DUPLO S/CABO SUPERPRO 1X6 | D75: 99 | E75: Itens regulares | F75: 1 | G75: VERP | H75: 0800 | I75: 4016160 | J75: FILME STRECH 23/25 MIC 50CM | K75: 99 | L75: Itens regulares | M75: 10 | N75: KG | O75: =M75/10000 -> 0.001 | P75: =O75*$P$67 -> 0
P77: =IFERROR(VLOOKUP($A78,'PROGRAMA MES '!$A:$B,2,0),0) -> 4200
A78: =B78 -> 9057 | B78: 9057 | C78: RODO ALUM 70CM BOR SIMPLES S/CABO 1X6 | D78: 99 | E78: Itens regulares | F78: 1 | G78: ROH | H78: 0800 | I78: 3000618 | J78: PERFIL ALUM SIMPLES 3520 50/70 | K78: 99 | L78: Itens regulares | M78: 2000 | N78: PC | O78: =M78/10000 -> 0.2 | P78: =O78*$P$77 -> 840
B79: 9057 | C79: RODO ALUM 70CM BOR SIMPLES S/CABO 1X6 | D79: 99 | E79: Itens regulares | F79: 1 | G79: ROH | H79: 0800 | I79: 3000992 | J79: REBITE ALUMINIO MACICO DIAM 4,62X135 MM | K79: 99 | L79: Itens regulares | M79: 20000 | N79: PC | O79: =M79/10000 -> 2 | P79: =O79*$P$77 -> 8400
B80: 9057 | C80: RODO ALUM 70CM BOR SIMPLES S/CABO 1X6 | D80: 99 | E80: Itens regulares | F80: 1 | G80: ROH | H80: 0800 | I80: 3001610 | J80: PERFIL BORRACHA RODO ALUM 70CM (14308) | K80: 99 | L80: Itens regulares | M80: 10000 | N80: PC | O80: =M80/10000 -> 1 | P80: =O80*$P$77 -> 4200
B81: 9057 | C81: RODO ALUM 70CM BOR SIMPLES S/CABO 1X6 | D81: 99 | E81: Itens regulares | F81: 1 | G81: ROH | H81: 0800 | I81: 3005702 | J81: CASTELO RODO ALUMINIO - 2000654 | K81: 99 | L81: Itens regulares | M81: 10000 | N81: PC | O81: =M81/10000 -> 1 | P81: =O81*$P$77 -> 4200
B82: 9057 | C82: RODO ALUM 70CM BOR SIMPLES S/CABO 1X6 | D82: 99 | E82: Itens regulares | F82: 1 | G82: VERP | H82: 0800 | I82: 4001356 | J82: CX 951 - 9057 | K82: 99 | L82: Itens regulares | M82: 1667 | N82: PC | O82: =M82/10000 -> 0.1667 | P82: =O82*$P$77 -> 700.14
B83: 9057 | C83: RODO ALUM 70CM BOR SIMPLES S/CABO 1X6 | D83: 99 | E83: Itens regulares | F83: 1 | G83: VERP | H83: 0800 | I83: 4002386 | J83: ETIQ 9057 - PRO | K83: 99 | L83: Itens regulares | M83: 10000 | N83: PC | O83: =M83/10000 -> 1 | P83: =O83*$P$77 -> 4200
B84: 9057 | C84: RODO ALUM 70CM BOR SIMPLES S/CABO 1X6 | D84: 99 | E84: Itens regulares | F84: 1 | G84: VERP | H84: 0800 | I84: 4002826 | J84: FITA DUREX 70X100MX45MIC C/ IMP. INBETTA | K84: 99 | L84: Itens regulares | M84: 28 | N84: PC | O84: =M84/10000 -> 0.0028 | P84: =O84*$P$77 -> 11.76
B85: 9057 | C85: RODO ALUM 70CM BOR SIMPLES S/CABO 1X6 | D85: 99 | E85: Itens regulares | F85: 1 | G85: VERP | H85: 0800 | I85: 4016160 | J85: FILME STRECH 23/25 MIC 50CM | K85: 99 | L85: Itens regulares | M85: 10 | N85: KG | O85: =M85/10000 -> 0.001 | P85: =O85*$P$77 -> 4.2
P87: =IFERROR(VLOOKUP($A88,'PROGRAMA MES '!$A:$B,2,0),0) -> 0
A88: =B88 -> 9058 | B88: 9058 | C88: RODO ALUM 70CM DUPLO S/CABO SUPERPRO 1X6 | D88: 99 | E88: Itens regulares | F88: 1 | G88: ROH | H88: 0800 | I88: 3000617 | J88: PERFIL ALUM DUPLO 3520 50/70 | K88: 99 | L88: Itens regulares | M88: 2000 | N88: PC | O88: =M88/10000 -> 0.2 | P88: =O88*$P$87 -> 0
B89: 9058 | C89: RODO ALUM 70CM DUPLO S/CABO SUPERPRO 1X6 | D89: 99 | E89: Itens regulares | F89: 1 | G89: ROH | H89: 0800 | I89: 3000992 | J89: REBITE ALUMINIO MACICO DIAM 4,62X135 MM | K89: 99 | L89: Itens regulares | M89: 20000 | N89: PC | O89: =M89/10000 -> 2 | P89: =O89*$P$87 -> 0
B90: 9058 | C90: RODO ALUM 70CM DUPLO S/CABO SUPERPRO 1X6 | D90: 99 | E90: Itens regulares | F90: 1 | G90: ROH | H90: 0800 | I90: 3001610 | J90: PERFIL BORRACHA RODO ALUM 70CM (14308) | K90: 99 | L90: Itens regulares | M90: 20000 | N90: PC | O90: =M90/10000 -> 2 | P90: =O90*$P$87 -> 0
B91: 9058 | C91: RODO ALUM 70CM DUPLO S/CABO SUPERPRO 1X6 | D91: 99 | E91: Itens regulares | F91: 1 | G91: ROH | H91: 0800 | I91: 3005702 | J91: CASTELO RODO ALUMINIO - 2000654 | K91: 99 | L91: Itens regulares | M91: 10000 | N91: PC | O91: =M91/10000 -> 1 | P91: =O91*$P$87 -> 0
B92: 9058 | C92: RODO ALUM 70CM DUPLO S/CABO SUPERPRO 1X6 | D92: 99 | E92: Itens regulares | F92: 1 | G92: VERP | H92: 0800 | I92: 4001360 | J92: CX 952 - 9058 | K92: 99 | L92: Itens regulares | M92: 1667 | N92: PC | O92: =M92/10000 -> 0.1667 | P92: =O92*$P$87 -> 0
B93: 9058 | C93: RODO ALUM 70CM DUPLO S/CABO SUPERPRO 1X6 | D93: 99 | E93: Itens regulares | F93: 1 | G93: VERP | H93: 0800 | I93: 4002387 | J93: ETIQ 9058 - PRO | K93: 99 | L93: Itens regulares | M93: 10000 | N93: PC | O93: =M93/10000 -> 1 | P93: =O93*$P$87 -> 0
B94: 9058 | C94: RODO ALUM 70CM DUPLO S/CABO SUPERPRO 1X6 | D94: 99 | E94: Itens regulares | F94: 1 | G94: VERP | H94: 0800 | I94: 4002826 | J94: FITA DUREX 70X100MX45MIC C/ IMP. INBETTA | K94: 99 | L94: Itens regulares | M94: 28 | N94: PC | O94: =M94/10000 -> 0.0028 | P94: =O94*$P$87 -> 0
B95: 9058 | C95: RODO ALUM 70CM DUPLO S/CABO SUPERPRO 1X6 | D95: 99 | E95: Itens regulares | F95: 1 | G95: VERP | H95: 0800 | I95: 4016160 | J95: FILME STRECH 23/25 MIC 50CM | K95: 99 | L95: Itens regulares | M95: 10 | N95: KG | O95: =M95/10000 -> 0.001 | P95: =O95*$P$87 -> 0
P97: =IFERROR(VLOOKUP($A98,'PROGRAMA MES '!$A:$B,2,0),0) -> 326
A98: =B98 -> 9068 | B98: 9068 | C98: BALDE C/ESPREM. DIV.AGUAS20L SUPERPRO1X1 | D98: 99 | E98: Itens regulares | F98: 1 | G98: ROH | H98: 0800 | I98: 3001360 | J98: CJ BALDE ESPREMEDOR DIV AGUAS 20L 1X1 | K98: 99 | L98: Itens regulares | M98: 10000 | N98: PC | O98: =M98/10000 -> 1 | P98: =O98*$P$97 -> 326
B99: 9068 | C99: BALDE C/ESPREM. DIV.AGUAS20L SUPERPRO1X1 | D99: 99 | E99: Itens regulares | F99: 1 | G99: VERP | H99: 0800 | I99: 4002826 | J99: FITA DUREX 70X100MX45MIC C/ IMP. INBETTA | K99: 99 | L99: Itens regulares | M99: 1 | N99: PC | O99: =M99/10000 -> 0.0001 | P99: =O99*$P$97 -> 0.0326
P101: =IFERROR(VLOOKUP($A102,'PROGRAMA MES '!$A:$B,2,0),0) -> 3000
A102: =B102 -> 9118 | B102: 9118 | C102: REFIL MOP SINT. AM SUPERPRO 1X12 | D102: 99 | E102: Itens regulares | F102: 1 | G102: VERP | H102: 0800 | I102: 4001285 | J102: CX 919 - 9118 | K102: 99 | L102: Itens regulares | M102: 834 | N102: PC | O102: =M102/10000 -> 0.0834 | P102: =O102*$P$101 -> 250.2
B103: 9118 | C103: REFIL MOP SINT. AM SUPERPRO 1X12 | D103: 99 | E103: Itens regulares | F103: 1 | G103: VERP | H103: 0800 | I103: 4002827 | J103: ​FITA DUREX 70X1000MX45MIC​ C/ IMP. INBE | K103: 99 | L103: Itens regulares | M103: 1026.67 | N103: M | O103: =M103/10000 -> 0.102667 | P103: =O103*$P$101 -> 308.001
B104: 9118 | C104: REFIL MOP SINT. AM SUPERPRO 1X12 | D104: 99 | E104: Itens regulares | F104: 1 | G104: VERP | H104: 0800 | I104: 4003644 | J104: SACO PEBD MOP 9118 370X160X80MIC | K104: 99 | L104: Itens regulares | M104: 10000 | N104: PC | O104: =M104/10000 -> 1 | P104: =O104*$P$101 -> 3000
B105: 9118 | C105: REFIL MOP SINT. AM SUPERPRO 1X12 | D105: 99 | E105: Itens regulares | F105: 1 | G105: FERT | H105: 0800 | I105: C9118 | J105: REFIL ZIGZAG MINI-MOP SINTETICO 1X12 | K105: 3 | L105: Itens Inativos | M105: 10000 | N105: PC | O105: =M105/10000 -> 1 | P105: =O105*$P$101 -> 3000
P107: =IFERROR(VLOOKUP($A108,'PROGRAMA MES '!$A:$B,2,0),0) -> 9600
A108: =B108 -> 9139 | B108: 9139 | C108: ESCOVA PLAST P/CANTOS SUPERPRO 1X12 | D108: 99 | E108: Itens regulares | F108: 1 | G108: VERP | H108: 0800 | I108: 4000141 | J108: AC 953A - 9139 | K108: 99 | L108: Itens regulares | M108: 834 | N108: PC | O108: =M108/10000 -> 0.0834 | P108: =O108*$P$107 -> 800.64
B109: 9139 | C109: ESCOVA PLAST P/CANTOS SUPERPRO 1X12 | D109: 99 | E109: Itens regulares | F109: 1 | G109: VERP | H109: 0800 | I109: 4001362 | J109: CX 953 - 9139 | K109: 99 | L109: Itens regulares | M109: 834 | N109: PC | O109: =M109/10000 -> 0.0834 | P109: =O109*$P$107 -> 800.64
B110: 9139 | C110: ESCOVA PLAST P/CANTOS SUPERPRO 1X12 | D110: 99 | E110: Itens regulares | F110: 1 | G110: VERP | H110: 0800 | I110: 4002407 | J110: ETIQ 9139 - PRO | K110: 99 | L110: Itens regulares | M110: 10000 | N110: PC | O110: =M110/10000 -> 1 | P110: =O110*$P$107 -> 9600
B111: 9139 | C111: ESCOVA PLAST P/CANTOS SUPERPRO 1X12 | D111: 99 | E111: Itens regulares | F111: 1 | G111: VERP | H111: 0800 | I111: 4002826 | J111: FITA DUREX 70X100MX45MIC C/ IMP. INBETTA | K111: 99 | L111: Itens regulares | M111: 10 | N111: PC | O111: =M111/10000 -> 0.001 | P111: =O111*$P$107 -> 9.6
B112: 9139 | C112: ESCOVA PLAST P/CANTOS SUPERPRO 1X12 | D112: 99 | E112: Itens regulares | F112: 1 | G112: FERT | H112: 0800 | I112: C9139 | J112: ESCOVA PARA AZULEJOS E CANTOS - 1 X 12 | K112: 3 | L112: Itens Inativos | M112: 10000 | N112: PC | O112: =M112/10000 -> 1 | P112: =O112*$P$107 -> 9600
P114: =IFERROR(VLOOKUP($A115,'PROGRAMA MES '!$A:$B,2,0),0) -> 3600
A115: =B115 -> 9140 | B115: 9140 | C115: ESCOVA SANIT. PLAST S/SUP. SUPERPRO 1X36 | D115: 99 | E115: Itens regulares | F115: 1 | G115: VERP | H115: 0800 | I115: 4001183 | J115: CX 830 - 9140 | K115: 99 | L115: Itens regulares | M115: 278 | N115: PC | O115: =M115/10000 -> 0.0278 | P115: =O115*$P$114 -> 100.08
B116: 9140 | C116: ESCOVA SANIT. PLAST S/SUP. SUPERPRO 1X36 | D116: 99 | E116: Itens regulares | F116: 1 | G116: VERP | H116: 0800 | I116: 4002408 | J116: ETIQ 9140 - PRO | K116: 99 | L116: Itens regulares | M116: 10000 | N116: PC | O116: =M116/10000 -> 1 | P116: =O116*$P$114 -> 3600
B117: 9140 | C117: ESCOVA SANIT. PLAST S/SUP. SUPERPRO 1X36 | D117: 99 | E117: Itens regulares | F117: 1 | G117: VERP | H117: 0800 | I117: 4002826 | J117: FITA DUREX 70X100MX45MIC C/ IMP. INBETTA | K117: 99 | L117: Itens regulares | M117: 5 | N117: PC | O117: =M117/10000 -> 0.0005 | P117: =O117*$P$114 -> 1.8
...

Sheet PROGRAMA MES 
A1: REF | B1: PROGR
B2: PÇS
A4: SP9409BA | B4: 20000
A5: 9500 | B5: 200000
A6: SP9500BA | B6: 17400
A7: SP950010BA | B7: 2400
A8: SP9500/1 | B8: 16000
A9: 9502 | B9: 310000
A10: SP9502BA | B10: 4500
A11: SP9502/3 | B11: 0
A12: SP9502BA/2 | B12: 30000
A13: SP9502/2EX | B13: 0
A14: SP950204 | B14: 0
A15: 9504 | B15: 220000
A16: SP9504BA | B16: 100
A17: SP9504BA/2 | B17: 5000
A18: SP950404 | B18: 22000
A19: 9505 | B19: 0
A20: 9506 | B20: 650000
A21: SP9506BA | B21: 6000
A22: SP9506/2 | B22: 5000
A23: SP9506BA/2 | B23: 3000
A24: SP950604 | B24: 0
A25: 9508 | B25: 20000
A26: 9509 | B26: 70000
A27: SP9509/3 | B27: 6400
A28: SP950904 | B28: 0
A29: 9513 | B29: 10000
A30: 9521 | B30: 440000
A31: 9522FR | B31: 264000
A32: SP9522FRBA | B32: 3000
A33: 9522FRBA/2 | B33: 1680
A34: SP9523FR | B34: 156000
A35: SP9524 | B35: 0
A36: SP9526FR | B36: 156000
A37: SP9527 | B37: 20000
A38: SP96170 | B38: 38000
A39: SP98170 | B39: 25800
A40: SP99170 | B40: 4000
A41: SP110170 | B41: 21200
A42: SPIF170PTC | B42: 6600
... A45: SPIF170BRC | B45: 400
A47: 11035 | B47: 2000
A48: SP350VRC | B48: 0
A49: 11041 | B49: 0
A50: SP410VRC | B50: 0
A51: SP11044BA | B51: 60
A52: SP440VRC | B52: 0
A53: 11044 | B53: 3400
A54: 11051 | B54: 10600
A55: SP510VRC | B55: 200
A56: SP11051BA | B56: 0
A57: 12035 | B57: 0
A58: 12041 | B58: 0
A59: 12051 | B59: 200
A60: 13505 | B60: 300
A61: 13685 | B61: 400
A62: 14505 | B62: 0
A63: 14685 | B63: 0
A64: 9630 | B64: 300
A65: 9635 | B65: 6400
A66: SP350PTC | B66: 1200
A67: 9638 | B67: 800
A68: 9641 | B68: 6000
A69: SP410PTC | B69: 1000
A70: SP9644BA | B70: 60
A71: 9644 | B71: 8000
A72: SP440PTC | B72: 200
A73: 9651 | B73: 10000
A74: SP9651BA | B74: 60
A75: SP510PTC | B75: 1800
A76: 9735 | B76: 0
A77: 9738 | B77: 0
A78: 9741 | B78: 0
A79: 9744 | B79: 0
A80: 9751 | B80: 0
A81: 9830 | B81: 400
A82: 9835 | B82: 10000
A83: SP350VDC | B83: 2000
A84: 9838 | B84: 2600
A85: 9841 | B85: 11000
A86: SP410VDC | B86: 2600
A87: 9844 | B87: 5000
A88: SP440VDC | B88: 0
A89: 9851 | B89: 9000
A90: SP510VDC | B90: 2000
A91: 9935 | B91: 600
A92: SP350BRC | B92: 0
A93: 9938 | B93: 500
A94: 9941 | B94: 0
A95: SP410BRC | B95: 0
A96: SP9944BA | B96: 0
A97: SP440BRC | B97: 0
A98: 9944 | B98: 0
A99: 9951 | B99: 2000
A100: SP510BRC | B100: 200
A103: 9399 | B103: 144000
A104: 9401 | B104: 30000
A105: 9403 | B105: 60000
A106: 9404 | B106: 25000
...

Sheet STATUS
A2: DEPOSITO ALMOXARIFADO SUPERPRO | L2: DEPOSITO ALMOX E PRODUÇÃO BETTANIN
A4: CAIXA | L4: ACESSÓRIOS
A5: Material | B5: Descrição do Material | C5: Necessidade programa | D5: 802 | E5: COMPRA | F5: REQUISIÇÃO | G5: PEDIDO | H5: QUANTIDADE | I5: DATA | J5: STATUS | L5: Material | M5: Descrição do Material | N5: Necessidade programa | O5: 805 | P5: 806 | Q5: TOTAL | R5: COMPRA | S5: REQUISIÇÃO | T5: PEDIDO | U5: QUANTIDADE | V5: DATA | W5: STATUS
A6: 4001165 | B6: CX 810 - 9224 | C6: =SUMIF('LISTA TECNICA'!$I:$I,$A6,'LISTA TECNICA'!$P:$P) -> 0 | D6: =IFERROR(VLOOKUP($A6,'0802'!$A:$D,4,0),0) -> 219 | E6: =D6-C6 -> 219 | L6: 4000013 | M6: AC 103C - 888/878 | N6: =SUMIF('LISTA TECNICA'!$I:$I,$L6,'LISTA TECNICA'!$P:$P) -> 200.04 | O6: =IFERROR(VLOOKUP($L6,'0805'!$A:$D,4,0),0) -> 542 | P6: =IFERROR(VLOOKUP($L6,'0806'!$A:$D,4,0),0) -> 0 | Q6: =P6+O6 -> 542 | R6: =Q6-N6 -> 341.96
A7: 4008830 | B7: CX 9157​ | C7: =SUMIF('LISTA TECNICA'!$I:$I,$A7,'LISTA TECNICA'!$P:$P) -> 379.3866 | D7: =IFERROR(VLOOKUP($A7,'0802'!$A:$D,4,0),0) -> 424 | E7: =D7-C7 -> 44.6134 | G7: 4505327845/00020 - 4505399014/00060 | H7: 50- 500 | I7: 14.07.2026 - 17.08.2026 | L7: 4000018 | M7: AC 113 C - I - SUPERPRO KB | N7: =SUMIF('LISTA TECNICA'!$I:$I,$L7,'LISTA TECNICA'!$P:$P) -> 700.35 | O7: =IFERROR(VLOOKUP($L7,'0805'!$A:$D,4,0),0) -> 1760 | P7: =IFERROR(VLOOKUP($L7,'0806'!$A:$D,4,0),0) -> 596 | Q7: =P7+O7 -> 2356 | R7: =Q7-N7 -> 1655.65
A8: 4008832 | B8: CX 9158​ | C8: =SUMIF('LISTA TECNICA'!$I:$I,$A8,'LISTA TECNICA'!$P:$P) -> 504.1008 | D8: =IFERROR(VLOOKUP($A8,'0802'!$A:$D,4,0),0) -> 635 | E8: =D8-C8 -> 130.8992 | G8: 4505399014/00070 | H8: 600 | I8: 17.08.2026 | L8: 4000017 | M8: AC 113A - L - SUPERPRO | N8: =SUMIF('LISTA TECNICA'!$I:$I,$L8,'LISTA TECNICA'!$P:$P) -> 1400.7 | O8: =IFERROR(VLOOKUP($L8,'0805'!$A:$D,4,0),0) -> 1066 | P8: =IFERROR(VLOOKUP($L8,'0806'!$A:$D,4,0),0) -> 2354 | Q8: =P8+O8 -> 3420 | R8: =Q8-N8 -> 2019.3
A9: 4001356 | B9: CX 951 - 9057 | C9: =SUMIF('LISTA TECNICA'!$I:$I,$A9,'LISTA TECNICA'!$P:$P) -> 700.14 | D9: =IFERROR(VLOOKUP($A9,'0802'!$A:$D,4,0),0) -> 1192 | E9: =D9-C9 -> 491.86 | L9: 4008312 | M9: AC 137C NOVO - 9140 | N9: =SUMIF('LISTA TECNICA'!$I:$I,$L9,'LISTA TECNICA'!$P:$P) -> 200.16 | O9: =IFERROR(VLOOKUP($L9,'0805'!$A:$D,4,0),0) -> 1050 | P9: =IFERROR(VLOOKUP($L9,'0806'!$A:$D,4,0),0) -> 0 | Q9: =P9+O9 -> 1050 | R9: =Q9-N9 -> 849.84
A10: 4001360 | B10: CX 952 - 9058 | C10: =SUMIF('LISTA TECNICA'!$I:$I,$A10,'LISTA TECNICA'!$P:$P) -> 0 | D10: =IFERROR(VLOOKUP($A10,'0802'!$A:$D,4,0),0) -> 560 | E10: =D10-C10 -> 560 | L10: 4000056 | M10: AC 216A - 8501 | N10: =SUMIF('LISTA TECNICA'!$I:$I,$L10,'LISTA TECNICA'!$P:$P) -> 199.2 | O10: =IFERROR(VLOOKUP($L10,'0805'!$A:$D,4,0),0) -> 1372 | P10: =IFERROR(VLOOKUP($L10,'0806'!$A:$D,4,0),0) -> 13 | Q10: =P10+O10 -> 1385 | R10: =Q10-N10 -> 1185.8
A11: 4005240 | B11: CX 9700 | C11: =SUMIF('LISTA TECNICA'!$I:$I,$A11,'LISTA TECNICA'!$P:$P) -> 527.1054 | D11: =IFERROR(VLOOKUP($A11,'0802'!$A:$D,4,0),0) -> 685 | E11: =D11-C11 -> 157.8946 | G11: 4505289458/00010 | H11: 60 | I11: 22.06.2026 | L11: 4000056 | M11: AC 216A - 8501 | N11: =SUMIF('LISTA TECNICA'!$I:$I,$L11,'LISTA TECNICA'!$P:$P) -> 199.2 | O11: =IFERROR(VLOOKUP($L11,'0805'!$A:$D,4,0),0) -> 1372 | P11: =IFERROR(VLOOKUP($L11,'0806'!$A:$D,4,0),0) -> 13 | Q11: =P11+O11 -> 1385 | R11: =Q11-N11 -> 1185.8
A12: 4005241 | B12: CX 9701 | C12: =SUMIF('LISTA TECNICA'!$I:$I,$A12,'LISTA TECNICA'!$P:$P) -> 600.12 | D12: =IFERROR(VLOOKUP($A12,'0802'!$A:$D,4,0),0) -> 1269 | E12: =D12-C12 -> 668.88 | L12: 4000070 | M12: AC 24A - 150 | N12: =SUMIF('LISTA TECNICA'!$I:$I,$L12,'LISTA TECNICA'!$P:$P) -> 1100.88 | O12: =IFERROR(VLOOKUP($L12,'0805'!$A:$D,4,0),0) -> 1738 | P12: =IFERROR(VLOOKUP($L12,'0806'!$A:$D,4,0),0) -> 0 | Q12: =P12+O12 -> 1738 | R12: =Q12-N12 -> 637.12
A13: 4005242 | B13: CX 9702 | C13: =SUMIF('LISTA TECNICA'!$I:$I,$A13,'LISTA TECNICA'!$P:$P) -> 258.258 | D13: =IFERROR(VLOOKUP($A13,'0802'!$A:$D,4,0),0) -> 982 | E13: =D13-C13 -> 723.742 | L13: 4000071 | M13: AC 24B - 150 | N13: =SUMIF('LISTA TECNICA'!$I:$I,$L13,'LISTA TECNICA'!$P:$P) -> 2200.44 | O13: =IFERROR(VLOOKUP($L13,'0805'!$A:$D,4,0),0) -> 4085 | P13: =IFERROR(VLOOKUP($L13,'0806'!$A:$D,4,0),0) -> 0 | Q13: =P13+O13 -> 4085 | R13: =Q13-N13 -> 1884.56
A14: 4005245 | B14: CX 9702R | C14: =SUMIF('LISTA TECNICA'!$I:$I,$A14,'LISTA TECNICA'!$P:$P) -> 0 | D14: =IFERROR(VLOOKUP($A14,'0802'!$A:$D,4,0),0) -> 0 | E14: =D14-C14 -> 0 | L14: 4000117 | M14: AC 61C - 566 | N14: =SUMIF('LISTA TECNICA'!$I:$I,$L14,'LISTA TECNICA'!$P:$P) -> 0 | O14: =IFERROR(VLOOKUP($L14,'0805'!$A:$D,4,0),0) -> 600 | P14: =IFERROR(VLOOKUP($L14,'0806'!$A:$D,4,0),0) -> 0 | Q14: =P14+O14 -> 600 | R14: =Q14-N14 -> 600
A15: 4005244 | B15: CX 9704 | C15: =SUMIF('LISTA TECNICA'!$I:$I,$A15,'LISTA TECNICA'!$P:$P) -> 0 | D15: =IFERROR(VLOOKUP($A15,'0802'!$A:$D,4,0),0) -> 0 | E15: =D15-C15 -> 0 | L15: 4000120 | M15: AC 78A - 127040 | N15: =SUMIF('LISTA TECNICA'!$I:$I,$L15,'LISTA TECNICA'!$P:$P) -> 400.08 | O15: =IFERROR(VLOOKUP($L15,'0805'!$A:$D,4,0),0) -> 866 | P15: =IFERROR(VLOOKUP($L15,'0806'!$A:$D,4,0),0) -> 118 | Q15: =P15+O15 -> 984 | R15: =Q15-N15 -> 583.92
A16: 4001403 | B16: CX 993 - 9050 | C16: =SUMIF('LISTA TECNICA'!$I:$I,$A16,'LISTA TECNICA'!$P:$P) -> 600.12 | D16: =IFERROR(VLOOKUP($A16,'0802'!$A:$D,4,0),0) -> 118 | E16: =D16-C16 -> -482.12 | G16: 4505399014/00050 | H16: 500 | I16: 14.08.2026 | L16: 4000121 | M16: AC 793A - 9063/9064 | N16: =SUMIF('LISTA TECNICA'!$I:$I,$L16,'LISTA TECNICA'!$P:$P) -> 950.76 | O16: =IFERROR(VLOOKUP($L16,'0805'!$A:$D,4,0),0) -> 2122 | P16: =IFERROR(VLOOKUP($L16,'0806'!$A:$D,4,0),0) -> 27 | Q16: =P16+O16 -> 2149 | R16: =Q16-N16 -> 1198.24
A17: 4001404 | B17: CX 994 - 9056 | C17: =SUMIF('LISTA TECNICA'!$I:$I,$A17,'LISTA TECNICA'!$P:$P) -> 0 | D17: =IFERROR(VLOOKUP($A17,'0802'!$A:$D,4,0),0) -> 950 | E17: =D17-C17 -> 950 | L17: 4000124 | M17: AC 84A - 118040 | N17: =SUMIF('LISTA TECNICA'!$I:$I,$L17,'LISTA TECNICA'!$P:$P) -> 400.32 | O17: =IFERROR(VLOOKUP($L17,'0805'!$A:$D,4,0),0) -> 700 | P17: =IFERROR(VLOOKUP($L17,'0806'!$A:$D,4,0),0) -> 0 | Q17: =P17+O17 -> 700 | R17: =Q17-N17 -> 299.68
A18: 4011430 | B18: CX MASTER SP9740 | C18: =SUMIF('LISTA TECNICA'!$I:$I,$A18,'LISTA TECNICA'!$P:$P) -> 0 | D18: =IFERROR(VLOOKUP($A18,'0802'!$A:$D,4,0),0) -> 0 | E18: =D18-C18 -> 0 | L18: 4000125 | M18: AC 84D - 1182 | N18: =SUMIF('LISTA TECNICA'!$I:$I,$L18,'LISTA TECNICA'!$P:$P) -> 800.16 | O18: =IFERROR(VLOOKUP($L18,'0805'!$A:$D,4,0),0) -> 871 | P18: =IFERROR(VLOOKUP($L18,'0806'!$A:$D,4,0),0) -> 401 | Q18: =P18+O18 -> 1272 | R18: =Q18-N18 -> 471.84
A19: 4011431 | B19: CX MASTER SP9742 | C19: =SUMIF('LISTA TECNICA'!$I:$I,$A19,'LISTA TECNICA'!$P:$P) -> 0 | D19: =IFERROR(VLOOKUP($A19,'0802'!$A:$D,4,0),0) -> 0 | E19: =D19-C19 -> 0 | L19: 4016880 | M19: AC 860A | N19: =SUMIF('LISTA TECNICA'!$I:$I,$L19,'LISTA TECNICA'!$P:$P) -> 2700 | O19: =IFERROR(VLOOKUP($L19,'0805'!$A:$D,4,0),0) -> 0 | P19: =IFERROR(VLOOKUP($L19,'0806'!$A:$D,4,0),0) -> 1608 | Q19: =P19+O19 -> 1608 | R19: =Q19-N19 -> -1092 | T19: 4505337207/00050 | U19: 2500 | V19: 30.07.2026
A20: 4011432 | B20: CX MASTER SP9743 | C20: =SUMIF('LISTA TECNICA'!$I:$I,$A20,'LISTA TECNICA'!$P:$P) -> 0 | D20: =IFERROR(VLOOKUP($A20,'0802'!$A:$D,4,0),0) -> 0 | E20: =D20-C20 -> 0 | L20: 4000126 | M20: AC 868A -98812EX/9021 | N20: =SUMIF('LISTA TECNICA'!$I:$I,$L20,'LISTA TECNICA'!$P:$P) -> 0 | O20: =IFERROR(VLOOKUP($L20,'0805'!$A:$D,4,0),0) -> 375 | P20: =IFERROR(VLOOKUP($L20,'0806'!$A:$D,4,0),0) -> 0 | Q20: =P20+O20 -> 375 | R20: =Q20-N20 -> 375
A21: 4011433 | B21: CX MASTER SP9744 | C21: =SUMIF('LISTA TECNICA'!$I:$I,$A21,'LISTA TECNICA'!$P:$P) -> 0 | D21: =IFERROR(VLOOKUP($A21,'0802'!$A:$D,4,0),0) -> 0 | E21: =D21-C21 -> 0 | L21: 4000129 | M21: AC 870A - 9004D | N21: =SUMIF('LISTA TECNICA'!$I:$I,$L21,'LISTA TECNICA'!$P:$P) -> 650.52 | O21: =IFERROR(VLOOKUP($L21,'0805'!$A:$D,4,0),0) -> 1840 | P21: =IFERROR(VLOOKUP($L21,'0806'!$A:$D,4,0),0) -> 612 | Q21: =P21+O21 -> 2452 | R21: =Q21-N21 -> 1801.48
A22: 4016923 | B22: CX SP12000100 | C22: =SUMIF('LISTA TECNICA'!$I:$I,$A22,'LISTA TECNICA'!$P:$P) -> 0 | D22: =IFERROR(VLOOKUP($A22,'0802'!$A:$D,4,0),0) -> 0 | E22: =D22-C22 -> 0 | L22: 4008733 | M22: AC 875 CAN - 9053C | N22: =SUMIF('LISTA TECNICA'!$I:$I,$L22,'LISTA TECNICA'!$P:$P) -> 400.2 | O22: =IFERROR(VLOOKUP($L22,'0805'!$A:$D,4,0),0) -> 600 | P22: =IFERROR(VLOOKUP($L22,'0806'!$A:$D,4,0),0) -> 0 | Q22: =P22+O22 -> 600 | R22: =Q22-N22 -> 199.8
A23: 4007480 | B23: CX SP303530 | C23: =SUMIF('LISTA TECNICA'!$I:$I,$A23,'LISTA TECNICA'!$P:$P) -> 475.38 | D23: =IFERROR(VLOOKUP($A23,'0802'!$A:$D,4,0),0) -> 1290 | E23: =D23-C23 -> 814.62 | L23: 4008732 | M23: AC 875 TAB - 9053C | N23: =SUMIF('LISTA TECNICA'!$I:$I,$L23,'LISTA TECNICA'!$P:$P) -> 200.1 | O23: =IFERROR(VLOOKUP($L23,'0805'!$A:$D,4,0),0) -> 757 | P23: =IFERROR(VLOOKUP($L23,'0806'!$A:$D,4,0),0) -> 0 | Q23: =P23+O23 -> 757 | R23: =Q23-N23 -> 556.9
A24: 4004700 | B24: CX SP304530 - 824 | C24: =SUMIF('LISTA TECNICA'!$I:$I,$A24,'LISTA TECNICA'!$P:$P) -> 100.08 | D24: =IFERROR(VLOOKUP($A24,'0802'!$A:$D,4,0),0) -> 438 | E24: =D24-C24 -> 337.92 | L24: 4011811 | M24: AC 9070D - A | N24: =SUMIF('LISTA TECNICA'!$I:$I,$L24,'LISTA TECNICA'!$P:$P) -> 0 | O24: =IFERROR(VLOOKUP($L24,'0805'!$A:$D,4,0),0) -> 238 | P24: =IFERROR(VLOOKUP($L24,'0806'!$A:$D,4,0),0) -> 0 | Q24: =P24+O24 -> 238 | R24: =Q24-N24 -> 238
A25: 4010424 | B25: CX SP9232 | C25: =SUMIF('LISTA TECNICA'!$I:$I,$A25,'LISTA TECNICA'!$P:$P) -> 0 | D25: =IFERROR(VLOOKUP($A25,'0802'!$A:$D,4,0),0) -> 708 | E25: =D25-C25 -> 708 | L25: 4011815 | M25: AC 9070D - B | N25: =SUMIF('LISTA TECNICA'!$I:$I,$L25,'LISTA TECNICA'!$P:$P) -> 0 | O25: =IFERROR(VLOOKUP($L25,'0805'!$A:$D,4,0),0) -> 700 | P25: =IFERROR(VLOOKUP($L25,'0806'!$A:$D,4,0),0) -> 0 | Q25: =P25+O25 -> 700 | R25: =Q25-N25 -> 700
A26: 4010426 | B26: CX SP9232/1 | C26: =SUMIF('LISTA TECNICA'!$I:$I,$A26,'LISTA TECNICA'!$P:$P) -> 0 | D26: =IFERROR(VLOOKUP($A26,'0802'!$A:$D,4,0),0) -> 0 | E26: =D26-C26 -> 0 | L26: 4000133 | M26: AC 911A - 9145 | N26: =SUMIF('LISTA TECNICA'!$I:$I,$L26,'LISTA TECNICA'!$P:$P) -> 500.4 | O26: =IFERROR(VLOOKUP($L26,'0805'!$A:$D,4,0),0) -> 1039 | P26: =IFERROR(VLOOKUP($L26,'0806'!$A:$D,4,0),0) -> 6 | Q26: =P26+O26 -> 1045 | R26: =Q26-N26 -> 544.6
A27: 4005290 | B27: CX SP9709 | C27: =SUMIF('LISTA TECNICA'!$I:$I,$A27,'LISTA TECNICA'!$P:$P) -> 0 | D27: =IFERROR(VLOOKUP($A27,'0802'!$A:$D,4,0),0) -> 0 | E27: =D27-C27 -> 0 | L27: 4012869 | M27: AC 911B - 9145 | N27: =SUMIF('LISTA TECNICA'!$I:$I,$L27,'LISTA TECNICA'!$P:$P) -> 2000.4 | O27: =IFERROR(VLOOKUP($L27,'0805'!$A:$D,4,0),0) -> 3280 | P27: =IFERROR(VLOOKUP($L27,'0806'!$A:$D,4,0),0) -> 24 | Q27: =P27+O27 -> 3304 | R27: =Q27-N27 -> 1303.6
A28: 4011434 | B28: CX SP9740 PAPEL HIGIENICO | C28: =SUMIF('LISTA TECNICA'!$I:$I,$A28,'LISTA TECNICA'!$P:$P) -> 0 | D28: =IFERROR(VLOOKUP($A28,'0802'!$A:$D,4,0),0) -> 0 | E28: =D28-C28 -> 0 | L28: 4008731 | M28: AC 9154/9054C CAN | N28: =SUMIF('LISTA TECNICA'!$I:$I,$L28,'LISTA TECNICA'!$P:$P) -> 800.4 | O28: =IFERROR(VLOOKUP($L28,'0805'!$A:$D,4,0),0) -> 1940 | P28: =IFERROR(VLOOKUP($L28,'0806'!$A:$D,4,0),0) -> 0 | Q28: =P28+O28 -> 1940 | R28: =Q28-N28 -> 1139.6
A29: 4001359 | B29: AC SP9347/SP9348 190X240MM | C29: =SUMIF('LISTA TECNICA'!$I:$I,$A29,'LISTA TECNICA'!$P:$P) -> 1200.24 | D29: =IFERROR(VLOOKUP($A29,'0802'!$A:$D,4,0),0) -> 1562 | E29: =D29-C29 -> 361.76 | L29: 4008730 | M29: AC 9154/9054C TAB | N29: =SUMIF('LISTA TECNICA'!$I:$I,$L29,'LISTA TECNICA'!$P:$P) -> 400.2 | O29: =IFERROR(VLOOKUP($L29,'0805'!$A:$D,4,0),0) -> 1247 | P29: =IFERROR(VLOOKUP($L29,'0806'!$A:$D,4,0),0) -> 0 | Q29: =P29+O29 -> 1247 | R29: =Q29-N29 -> 846.8
A30: 4016811 | B30: ACESSORIO 720X350MM | C30: =SUMIF('LISTA TECNICA'!$I:$I,$A30,'LISTA TECNICA'!$P:$P) -> 400.08 | D30: =IFERROR(VLOOKUP($A30,'0802'!$A:$D,4,0),0) -> 2440 | E30: =D30-C30 -> 2039.92 | L30: 4006456 | M30: AC 9260 - 851/1 | N30: =SUMIF('LISTA TECNICA'!$I:$I,$L30,'LISTA TECNICA'!$P:$P) -> 1200.96 | O30: =IFERROR(VLOOKUP($L30,'0805'!$A:$D,4,0),0) -> 2164 | P30: =IFERROR(VLOOKUP($L30,'0806'!$A:$D,4,0),0) -> 172 | Q30: =P30+O30 -> 2336 | R30: =Q30-N30 -> 1135.04
A31: 4011435 | B31: CX SP9742 SANONETE LIQ | C31: =SUMIF('LISTA TECNICA'!$I:$I,$A31,'LISTA TECNICA'!$P:$P) -> 0 | D31: =IFERROR(VLOOKUP($A31,'0802'!$A:$D,4,0),0) -> 0 | E31: =D31-C31 -> 0 | L31: 4007347 | M31: AC 9260 - 851/2 | N31: =SUMIF('LISTA TECNICA'!$I:$I,$L31,'LISTA TECNICA'!$P:$P) -> 2400.48 | O31: =IFERROR(VLOOKUP($L31,'0805'!$A:$D,4,0),0) -> 1880 | P31: =IFERROR(VLOOKUP($L31,'0806'!$A:$D,4,0),0) -> 0 | Q31: =P31+O31 -> 1880 | R31: =Q31-N31 -> -520.48 | T31: 4505398940/00010 | U31: 1500 | V31: 12.08.2026
A32: 4001186 | B32: CX 833 - 90502 | C32: =SUMIF('LISTA TECNICA'!$I:$I,$A32,'LISTA TECNICA'!$P:$P) -> 16.68 | D32: =IFERROR(VLOOKUP($A32,'0802'!$A:$D,4,0),0) -> 0 | E32: =D32-C32 -> -16.68 | L32: 4007348 | M32: AC 9260 - 851/3 | N32: =SUMIF('LISTA TECNICA'!$I:$I,$L32,'LISTA TECNICA'!$P:$P) -> 4800.96 | O32: =IFERROR(VLOOKUP($L32,'0805'!$A:$D,4,0),0) -> 6253 | P32: =IFERROR(VLOOKUP($L32,'0806'!$A:$D,4,0),0) -> 0 | Q32: =P32+O32 -> 6253 | R32: =Q32-N32 -> 1452.04
A33: 4001187 | B33: CX 834 - 90503 | C33: =SUMIF('LISTA TECNICA'!$I:$I,$A33,'LISTA TECNICA'!$P:$P) -> 16.68 | D33: =IFERROR(VLOOKUP($A33,'0802'!$A:$D,4,0),0) -> 0 | E33: =D33-C33 -> -16.68 | L33: 4008674 | M33: AC 9261/1 | N33: =SUMIF('LISTA TECNICA'!$I:$I,$L33,'LISTA TECNICA'!$P:$P) -> 0 | O33: =IFERROR(VLOOKUP($L33,'0805'!$A:$D,4,0),0) -> 659 | P33: =IFERROR(VLOOKUP($L33,'0806'!$A:$D,4,0),0) -> 0 | Q33: =P33+O33 -> 659 | R33: =Q33-N33 -> 659
A34: 4011437 | B34: CX SP9743 PAPEL TOALHA | C34: =SUMIF('LISTA TECNICA'!$I:$I,$A34,'LISTA TECNICA'!$P:$P) -> 0 | D34: =IFERROR(VLOOKUP($A34,'0802'!$A:$D,4,0),0) -> 0 | E34: =D34-C34 -> 0 | L34: 4008676 | M34: AC 9261/2 | N34: =SUMIF('LISTA TECNICA'!$I:$I,$L34,'LISTA TECNICA'!$P:$P) -> 0 | O34: =IFERROR(VLOOKUP($L34,'0805'!$A:$D,4,0),0) -> 300 | P34: =IFERROR(VLOOKUP($L34,'0806'!$A:$D,4,0),0) -> 0 | Q34: =P34+O34 -> 300 | R34: =Q34-N34 -> 300
A35: 4003879 | B35: CX 9102 TELA | C35: =SUMIF('LISTA TECNICA'!$I:$I,$A35,'LISTA TECNICA'!$P:$P) -> 0 | D35: =IFERROR(VLOOKUP($A35,'0802'!$A:$D,4,0),0) -> 0 | E35: =D35-C35 -> 0 | L35: 4014845 | M35: AC 928 - 9142 | N35: =SUMIF('LISTA TECNICA'!$I:$I,$L35,'LISTA TECNICA'!$P:$P) -> 380.304 | O35: =IFERROR(VLOOKUP($L35,'0805'!$A:$D,4,0),0) -> 700 | P35: =IFERROR(VLOOKUP($L35,'0806'!$A:$D,4,0),0) -> 0 | Q35: =P35+O35 -> 700 | R35: =Q35-N35 -> 319.696
A36: 4013822 | B36: CXSP40/2AC | C36: =SUMIF('LISTA TECNICA'!$I:$I,$A36,'LISTA TECNICA'!$P:$P) -> 0 | D36: =IFERROR(VLOOKUP($A36,'0802'!$A:$D,4,0),0) -> 280 | E36: =D36-C36 -> 280 | L36: 4000136 | M36: AC 93A - 1842 | N36: =SUMIF('LISTA TECNICA'!$I:$I,$L36,'LISTA TECNICA'!$P:$P) -> 0 | O36: =IFERROR(VLOOKUP($L36,'0805'!$A:$D,4,0),0) -> 612 | P36: =IFERROR(VLOOKUP($L36,'0806'!$A:$D,4,0),0) -> 0 | Q36: =P36+O36 -> 612 | R36: =Q36-N36 -> 612
L37: 4000137 | M37: AC 93B - 1842 | N37: =SUMIF('LISTA TECNICA'!$I:$I,$L37,'LISTA TECNICA'!$P:$P) -> 0 | O37: =IFERROR(VLOOKUP($L37,'0805'!$A:$D,4,0),0) -> 450 | P37: =IFERROR(VLOOKUP($L37,'0806'!$A:$D,4,0),0) -> 0 | Q37: =P37+O37 -> 450 | R37: =Q37-N37 -> 450
A38: ETIQUETA | L38: 4000138 | M38: AC 944A - 9007 | N38: =SUMIF('LISTA TECNICA'!$I:$I,$L38,'LISTA TECNICA'!$P:$P) -> 460.092 | O38: =IFERROR(VLOOKUP($L38,'0805'!$A:$D,4,0),0) -> 800 | P38: =IFERROR(VLOOKUP($L38,'0806'!$A:$D,4,0),0) -> 0 | Q38: =P38+O38 -> 800 | R38: =Q38-N38 -> 339.908
A39: Material | B39: Descrição do Material | C39: Necessidade programa | D39: 802 | E39: COMPRA | F39: REQUISIÇÃO | G39: PEDIDO | H39: QUANTIDADE | I39: DATA | J39: STATUS | L39: 4000141 | M39: AC 953A - 9139 | N39: =SUMIF('LISTA TECNICA'!$I:$I,$L39,'LISTA TECNICA'!$P:$P) -> 964.7712 | O39: =IFERROR(VLOOKUP($L39,'0805'!$A:$D,4,0),0) -> 3966 | P39: =IFERROR(VLOOKUP($L39,'0806'!$A:$D,4,0),0) -> 117 | Q39: =P39+O39 -> 4083 | R39: =Q39-N39 -> 3118.2288
A40: 4009849 | B40: ETIQ HEAT TRANSFER-PLACAS SINALIZADORAS | C40: =SUMIF('LISTA TECNICA'!$I:$I,$A40,'LISTA TECNICA'!$P:$P) -> 2400 | D40: =IFERROR(VLOOKUP($A40,'0802'!$A:$D,4,0),0) -> 5710 | E40: =D40-C40 -> 3310 | L40: 4014389 | M40: AC 9677A | N40: =SUMIF('LISTA TECNICA'!$I:$I,$L40,'LISTA TECNICA'!$P:$P) -> 0 | O40: =IFERROR(VLOOKUP($L40,'0805'!$A:$D,4,0),0) -> 650 | P40: =IFERROR(VLOOKUP($L40,'0806'!$A:$D,4,0),0) -> 0 | Q40: =P40+O40 -> 650 | R40: =Q40-N40 -> 650 | T40: 4505069593/00060 | U40: 400 | V40: 27.03.2026
A41: 4002370 | B41: ETIQ 9014 CABO ALUM 1,50M 25MM - PRO | C41: =SUMIF('LISTA TECNICA'!$I:$I,$A41,'LISTA TECNICA'!$P:$P) -> 0 | D41: =IFERROR(VLOOKUP($A41,'0802'!$A:$D,4,0),0) -> 9400 | E41: =D41-C41 -> 9400 | L41: 4014388 | M41: AC 9677B | N41: =SUMIF('LISTA TECNICA'!$I:$I,$L41,'LISTA TECNICA'!$P:$P) -> 0 | O41: =IFERROR(VLOOKUP($L41,'0805'!$A:$D,4,0),0) -> 1650 | P41: =IFERROR(VLOOKUP($L41,'0806'!$A:$D,4,0),0) -> 0 | Q41: =P41+O41 -> 1650 | R41: =Q41-N41 -> 1650
A42: 4002373 | B42: ETIQ 9019 - PRO | C42: =SUMIF('LISTA TECNICA'!$I:$I,$A42,'LISTA TECNICA'!$P:$P) -> 0 | D42: =IFERROR(VLOOKUP($A42,'0802'!$A:$D,4,0),0) -> 11913 | E42: =D42-C42 -> 11913 | L42: 4005883 | M42: AC LIX 30 | N42: =SUMIF('LISTA TECNICA'!$I:$I,$L42,'LISTA TECNICA'!$P:$P) -> 0 | O42: =IFERROR(VLOOKUP($L42,'0805'!$A:$D,4,0),0) -> 0 | P42: =IFERROR(VLOOKUP($L42,'0806'!$A:$D,4,0),0) -> 0 | Q42: =P42+O42 -> 0 | R42: =Q42-N42 -> 0
A43: 4002380 | B43: ETIQ 9050 - PRO | C43: =SUMIF('LISTA TECNICA'!$I:$I,$A43,'LISTA TECNICA'!$P:$P) -> 3600 | D43: =IFERROR(VLOOKUP($A43,'0802'!$A:$D,4,0),0) -> 7256 | E43: =D43-C43 -> 3656 | L43: 4016890 | M43: AC860B | N43: =SUMIF('LISTA TECNICA'!$I:$I,$L43,'LISTA TECNICA'!$P:$P) -> 900.18 | O43: =IFERROR(VLOOKUP($L43,'0805'!$A:$D,4,0),0) -> 261 | P43: =IFERROR(VLOOKUP($L43,'0806'!$A:$D,4,0),0) -> 404 | Q43: =P43+O43 -> 665 | R43: =Q43-N43 -> -235.18 | T43: 4505337207/00040 | U43: 600 | V43: 30.07.2026
A44: 4002385 | B44: ETIQ 9056 - PRO | C44: =SUMIF('LISTA TECNICA'!$I:$I,$A44,'LISTA TECNICA'!$P:$P) -> 0 | D44: =IFERROR(VLOOKUP($A44,'0802'!$A:$D,4,0),0) -> 7300 | E44: =D44-C44 -> 7300 | L44: 4013164 | M44: AC866 - TAB 1398 X 268MM | N44: =SUMIF('LISTA TECNICA'!$I:$I,$L44,'LISTA TECNICA'!$P:$P) -> 5955.95 | O44: =IFERROR(VLOOKUP($L44,'0805'!$A:$D,4,0),0) -> 5007 | P44: =IFERROR(VLOOKUP($L44,'0806'!$A:$D,4,0),0) -> 432 | Q44: =P44+O44 -> 5439 | R44: =Q44-N44 -> -516.95 | T44: 4505398940/00020 | U44: 2000 | V44: 13.08.2026
A45: 4002386 | B45: ETIQ 9057 - PRO | C45: =SUMIF('LISTA TECNICA'!$I:$I,$A45,'LISTA TECNICA'!$P:$P) -> 4200 | D45: =IFERROR(VLOOKUP($A45,'0802'!$A:$D,4,0),0) -> 5972 | E45: =D45-C45 -> 1772 | L45: 4005953 | M45: ACESSORIO SP9150 | N45: =SUMIF('LISTA TECNICA'!$I:$I,$L45,'LISTA TECNICA'!$P:$P) -> 600.12 | O45: =IFERROR(VLOOKUP($L45,'0805'!$A:$D,4,0),0) -> 1170 | P45: =IFERROR(VLOOKUP($L45,'0806'!$A:$D,4,0),0) -> 0 | Q45: =P45+O45 -> 1170 | R45: =Q45-N45 -> 569.88
A46: 4002387 | B46: ETIQ 9058 - PRO | C46: =SUMIF('LISTA TECNICA'!$I:$I,$A46,'LISTA TECNICA'!$P:$P) -> 0 | D46: =IFERROR(VLOOKUP($A46,'0802'!$A:$D,4,0),0) -> 8800 | E46: =D46-C46 -> 8800
A47: 4010200 | B47: ETIQ 9157 | C47: =SUMIF('LISTA TECNICA'!$I:$I,$A47,'LISTA TECNICA'!$P:$P) -> 1826 | D47: =IFERROR(VLOOKUP($A47,'0802'!$A:$D,4,0),0) -> 1816 | E47: =D47-C47 -> -10 | G47: 4505398723/00020 | H47: 1500 | I47: 18.08.2026
A48: 4010201 | B48: ETIQ 9158 | C48: =SUMIF('LISTA TECNICA'!$I:$I,$A48,'LISTA TECNICA'!$P:$P) -> 1512 | D48: =IFERROR(VLOOKUP($A48,'0802'!$A:$D,4,0),0) -> 3072 | E48: =D48-C48 -> 1560 | L48: CAIXAS
A49: 4002435 | B49: ETIQ 9224 - PRO | C49: =SUMIF('LISTA TECNICA'!$I:$I,$A49,'LISTA TECNICA'!$P:$P) -> 0 | D49: =IFERROR(VLOOKUP($A49,'0802'!$A:$D,4,0),0) -> 7900 | E49: =D49-C49 -> 7900 | G49: 4505119848/00010 | H49: 1274 | I49: 30.04.2026 | L49: Material | M49: Descrição do Material | N49: Necessidade programa | O49: 805 | P49: 806 | Q49: TOTAL | R49: COMPRA | S49: REQUISIÇÃO | T49: PEDIDO | U49: QUANTIDADE | V49: DATA | W49: STATUS
A50: 4014900 | B50: ETIQ 9224AM - PRO | C50: =SUMIF('LISTA TECNICA'!$I:$I,$A50,'LISTA TECNICA'!$P:$P) -> 0 | D50: =IFERROR(VLOOKUP($A50,'0802'!$A:$D,4,0),0) -> 7580 | E50: =D50-C50 -> 7580 | L50: 4013372 | M50: CAIXA 9148CZ | N50: =SUMIF('LISTA TECNICA'!$I:$I,$L50,'LISTA TECNICA'!$P:$P) -> 0 | O50: =IFERROR(VLOOKUP($L50,'0805'!$A:$D,4,0),0) -> 365 | P50: =IFERROR(VLOOKUP($L50,'0806'!$A:$D,4,0),0) -> 0 | Q50: =P50+O50 -> 365 | R50: =Q50-N50 -> 365
A51: 4014899 | B51: ETIQ 9224AZ - PRO | C51: =SUMIF('LISTA TECNICA'!$I:$I,$A51,'LISTA TECNICA'!$P:$P) -> 0 | D51: =IFERROR(VLOOKUP($A51,'0802'!$A:$D,4,0),0) -> 4660 | E51: =D51-C51 -> 4660 | L51: 4003870 | M51: CX 780 - DISCOS 505 | N51: =SUMIF('LISTA TECNICA'!$I:$I,$L51,'LISTA TECNICA'!$P:$P) -> 30 | O51: =IFERROR(VLOOKUP($L51,'0805'!$A:$D,4,0),0) -> 253 | P51: =IFERROR(VLOOKUP($L51,'0806'!$A:$D,4,0),0) -> 0 | Q51: =P51+O51 -> 253 | R51: =Q51-N51 -> 223
A52: 4014902 | B52: ETIQ 9224VD - PRO | C52: =SUMIF('LISTA TECNICA'!$I:$I,$A52,'LISTA TECNICA'!$P:$P) -> 0 | D52: =IFERROR(VLOOKUP($A52,'0802'!$A:$D,4,0),0) -> 3690 | E52: =D52-C52 -> 3690 | L52: 4003871 | M52: CX 781 - SP9149 | N52: =SUMIF('LISTA TECNICA'!$I:$I,$L52,'LISTA TECNICA'!$P:$P) -> 100.08 | O52: =IFERROR(VLOOKUP($L52,'0805'!$A:$D,4,0),0) -> 731 | P52: =IFERROR(VLOOKUP($L52,'0806'!$A:$D,4,0),0) -> 0 | Q52: =P52+O52 -> 731 | R52: =Q52-N52 -> 630.92
A53: 4014901 | B53: ETIQ 9224VR - PRO | C53: =SUMIF('LISTA TECNICA'!$I:$I,$A53,'LISTA TECNICA'!$P:$P) -> 0 | D53: =IFERROR(VLOOKUP($A53,'0802'!$A:$D,4,0),0) -> 4650 | E53: =D53-C53 -> 4650 | L53: 4003873 | M53: CX 783 - 9521 | N53: =SUMIF('LISTA TECNICA'!$I:$I,$L53,'LISTA TECNICA'!$P:$P) -> 2200 | O53: =IFERROR(VLOOKUP($L53,'0805'!$A:$D,4,0),0) -> 1585 | P53: =IFERROR(VLOOKUP($L53,'0806'!$A:$D,4,0),0) -> 0 | Q53: =P53+O53 -> 1585 | R53: =Q53-N53 -> -615 | T53: 4505336966/00200 | U53: 1300 | V53: 31.07.2026
A54: 4002439 | B54: ETIQ 9237 ESPREMEDOR PRO | C54: =SUMIF('LISTA TECNICA'!$I:$I,$A54,'LISTA TECNICA'!$P:$P) -> 600 | D54: =IFERROR(VLOOKUP($A54,'0802'!$A:$D,4,0),0) -> 27288 | E54: =D54-C54 -> 26688 | L54: 4001138 | M54: CX 785 - 13685/14685 | N54: =SUMIF('LISTA TECNICA'!$I:$I,$L54,'LISTA TECNICA'!$P:$P) -> 40 | O54: =IFERROR(VLOOKUP($L54,'0805'!$A:$D,4,0),0) -> 347 | P54: =IFERROR(VLOOKUP($L54,'0806'!$A:$D,4,0),0) -> 20 | Q54: =P54+O54 -> 367 | R54: =Q54-N54 -> 327
A55: 4002474 | B55: ETIQ 9700 - PRO | C55: =SUMIF('LISTA TECNICA'!$I:$I,$A55,'LISTA TECNICA'!$P:$P) -> 3162 | D55: =IFERROR(VLOOKUP($A55,'0802'!$A:$D,4,0),0) -> 29900 | E55: =D55-C55 -> 26738 | L55: 4001140 | M55: CX 786 - 9422 | N55: =SUMIF('LISTA TECNICA'!$I:$I,$L55,'LISTA TECNICA'!$P:$P) -> 200.16 | O55: =IFERROR(VLOOKUP($L55,'0805'!$A:$D,4,0),0) -> 454 | P55: =IFERROR(VLOOKUP($L55,'0806'!$A:$D,4,0),0) -> 0 | Q55: =P55+O55 -> 454 | R55: =Q55-N55 -> 253.84
A56: 4004927 | B56: ETIQ 9701 | C56: =SUMIF('LISTA TECNICA'!$I:$I,$A56,'LISTA TECNICA'!$P:$P) -> 3600 | D56: =IFERROR(VLOOKUP($A56,'0802'!$A:$D,4,0),0) -> 12791 | E56: =D56-C56 -> 9191 | L56: 4001141 | M56: CX 787 - 9499 | N56: =SUMIF('LISTA TECNICA'!$I:$I,$L56,'LISTA TECNICA'!$P:$P) -> 0 | O56: =IFERROR(VLOOKUP($L56,'0805'!$A:$D,4,0),0) -> 1010 | P56: =IFERROR(VLOOKUP($L56,'0806'!$A:$D,4,0),0) -> 22 | Q56: =P56+O56 -> 1032 | R56: =Q56-N56 -> 1032
A57: 4002476 | B57: ETIQ 9702 - PRO | C57: =SUMIF('LISTA TECNICA'!$I:$I,$A57,'LISTA TECNICA'!$P:$P) -> 3612 | D57: =IFERROR(VLOOKUP($A57,'0802'!$A:$D,4,0),0) -> 15120 | E57: =D57-C57 -> 11508 | L57: 4001142 | M57: CX 788 - 9423 | N57: =SUMIF('LISTA TECNICA'!$I:$I,$L57,'LISTA TECNICA'!$P:$P) -> 50 | O57: =IFERROR(VLOOKUP($L57,'0805'!$A:$D,4,0),0) -> 1079 | P57: =IFERROR(VLOOKUP($L57,'0806'!$A:$D,4,0),0) -> 0 | Q57: =P57+O57 -> 1079 | R57: =Q57-N57 -> 1029
A58: 4005287 | B58: ETIQ 9702R | C58: =SUMIF('LISTA TECNICA'!$I:$I,$A58,'LISTA TECNICA'!$P:$P) -> 0 | D58: =IFERROR(VLOOKUP($A58,'0802'!$A:$D,4,0),0) -> 2904 | E58: =D58-C58 -> 2904 | L58: 4001144 | M58: CX 790 - 9070D | N58: =SUMIF('LISTA TECNICA'!$I:$I,$L58,'LISTA TECNICA'!$P:$P) -> 0 | O58: =IFERROR(VLOOKUP($L58,'0805'!$A:$D,4,0),0) -> 155 | P58: =IFERROR(VLOOKUP($L58,'0806'!$A:$D,4,0),0) -> 0 | Q58: =P58+O58 -> 155 | R58: =Q58-N58 -> 155
A59: 4004881 | B59: ETIQ BORRIFADOR 9348 | C59: =SUMIF('LISTA TECNICA'!$I:$I,$A59,'LISTA TECNICA'!$P:$P) -> 0 | D59: =IFERROR(VLOOKUP($A59,'0802'!$A:$D,4,0),0) -> 1352 | E59: =D59-C59 -> 1352 | L59: 4001146 | M59: CX 792 - 9064D | N59: =SUMIF('LISTA TECNICA'!$I:$I,$L59,'LISTA TECNICA'!$P:$P) -> 650.52 | O59: =IFERROR(VLOOKUP($L59,'0805'!$A:$D,4,0),0) -> 1082 | P59: =IFERROR(VLOOKUP($L59,'0806'!$A:$D,4,0),0) -> 55 | Q59: =P59+O59 -> 1137 | R59: =Q59-N59 -> 486.48 | T59: 0048471083/0001 | U59: -25 | V59: 12.11.2025
A60: 4002546 | B60: ETIQ EMBALAGENS BRANCA 100X60 MM | C60: =SUMIF('LISTA TECNICA'!$I:$I,$A60,'LISTA TECNICA'!$P:$P) -> 8942.5136 | D60: =IFERROR(VLOOKUP($A60,'0802'!$A:$D,4,0),0) -> 353630 | E60: =D60-C60 -> 344687.49 | L60: 4003874 | M60: CX 793 - 9063D | N60: =SUMIF('LISTA TECNICA'!$I:$I,$L60,'LISTA TECNICA'!$P:$P) -> 300.24 | O60: =IFERROR(VLOOKUP($L60,'0805'!$A:$D,4,0),0) -> 626 | P60: =IFERROR(VLOOKUP($L60,'0806'!$A:$D,4,0),0) -> 11 | Q60: =P60+O60 -> 637 | R60: =Q60-N60 -> 336.76
A61: 4005285 | B61: ETIQ SABONETEIRA SP9709 | C61: =SUMIF('LISTA TECNICA'!$I:$I,$A61,'LISTA TECNICA'!$P:$P) -> 0 | D61: =IFERROR(VLOOKUP($A61,'0802'!$A:$D,4,0),0) -> 0 | E61: =D61-C61 -> 0 | L61: 4001151 | M61: CX 796 - 9108P | N61: =SUMIF('LISTA TECNICA'!$I:$I,$L61,'LISTA TECNICA'!$P:$P) -> 100.08 | O61: =IFERROR(VLOOKUP($L61,'0805'!$A:$D,4,0),0) -> 411 | P61: =IFERROR(VLOOKUP($L61,'0806'!$A:$D,4,0),0) -> 0 | Q61: =P61+O61 -> 411 | R61: =Q61-N61 -> 310.92
A62: 4013355 | B62: ETIQ SP2716AZ 150X180MM | C62: =SUMIF('LISTA TECNICA'!$I:$I,$A62,'LISTA TECNICA'!$P:$P) -> 0 | D62: =IFERROR(VLOOKUP($A62,'0802'!$A:$D,4,0),0) -> 750 | E62: =D62-C62 -> 750 | L62: 4001153 | M62: CX 798 - 9146 | N62: =SUMIF('LISTA TECNICA'!$I:$I,$L62,'LISTA TECNICA'!$P:$P) -> 0 | O62: =IFERROR(VLOOKUP($L62,'0805'!$A:$D,4,0),0) -> 652 | P62: =IFERROR(VLOOKUP($L62,'0806'!$A:$D,4,0),0) -> 0 | Q62: =P62+O62 -> 652 | R62: =Q62-N62 -> 652 | T62: 4505193833/00010 | U62: 75 | V62: 28.05.2026
A63: 4013357 | B63: ETIQ SP2716BR 150X180MM | C63: =SUMIF('LISTA TECNICA'!$I:$I,$A63,'LISTA TECNICA'!$P:$P) -> 0 | D63: =IFERROR(VLOOKUP($A63,'0802'!$A:$D,4,0),0) -> 900 | E63: =D63-C63 -> 900 | L63: 4001159 | M63: CX 803 - 9418 | N63: =SUMIF('LISTA TECNICA'!$I:$I,$L63,'LISTA TECNICA'!$P:$P) -> 950 | O63: =IFERROR(VLOOKUP($L63,'0805'!$A:$D,4,0),0) -> 906 | P63: =IFERROR(VLOOKUP($L63,'0806'!$A:$D,4,0),0) -> 236 | Q63: =P63+O63 -> 1142 | R63: =Q63-N63 -> 192
A64: 4013353 | B64: ETIQ SP2716LR 150X180MM | C64: =SUMIF('LISTA TECNICA'!$I:$I,$A64,'LISTA TECNICA'!$P:$P) -> 0 | D64: =IFERROR(VLOOKUP($A64,'0802'!$A:$D,4,0),0) -> 0 | E64: =D64-C64 -> 0 | L64: 4001161 | M64: CX 805 - 9410SP | N64: =SUMIF('LISTA TECNICA'!$I:$I,$L64,'LISTA TECNICA'!$P:$P) -> 907.2 | O64: =IFERROR(VLOOKUP($L64,'0805'!$A:$D,4,0),0) -> 213 | P64: =IFERROR(VLOOKUP($L64,'0806'!$A:$D,4,0),0) -> 502 | Q64: =P64+O64 -> 715 | R64: =Q64-N64 -> -192.2 | T64: 4505398940/00030 | U64: 500 | V64: 12.08.2026
A65: 4013354 | B65: ETIQ SP2716VD 150X180MM | C65: =SUMIF('LISTA TECNICA'!$I:$I,$A65,'LISTA TECNICA'!$P:$P) -> 0 | D65: =IFERROR(VLOOKUP($A65,'0802'!$A:$D,4,0),0) -> 1600 | E65: =D65-C65 -> 1600 | L65: 4001169 | M65: CX 815 - 9152 | N65: =SUMIF('LISTA TECNICA'!$I:$I,$L65,'LISTA TECNICA'!$P:$P) -> 100.08 | O65: =IFERROR(VLOOKUP($L65,'0805'!$A:$D,4,0),0) -> 450 | P65: =IFERROR(VLOOKUP($L65,'0806'!$A:$D,4,0),0) -> 0 | Q65: =P65+O65 -> 450 | R65: =Q65-N65 -> 349.92
A66: 4012164 | B66: ETIQ SP2720AZ 150X180MM | C66: =SUMIF('LISTA TECNICA'!$I:$I,$A66,'LISTA TECNICA'!$P:$P) -> 0 | D66: =IFERROR(VLOOKUP($A66,'0802'!$A:$D,4,0),0) -> 5129 | E66: =D66-C66 -> 5129 | L66: 4014919 | M66: CX 816 - SP9472 SLIM | N66: =SUMIF('LISTA TECNICA'!$I:$I,$L66,'LISTA TECNICA'!$P:$P) -> 3707.4 | O66: =IFERROR(VLOOKUP($L66,'0805'!$A:$D,4,0),0) -> 2385 | P66: =IFERROR(VLOOKUP($L66,'0806'!$A:$D,4,0),0) -> 507 | Q66: =P66+O66 -> 2892 | R66: =Q66-N66 -> -815.4 | T66: 4505390348/00020 | U66: 1200 | V66: 17.08.2026
A67: 4012163 | B67: ETIQ SP2720LR 150X180MM | C67: =SUMIF('LISTA TECNICA'!$I:$I,$A67,'LISTA TECNICA'!$P:$P) -> 0 | D67: =IFERROR(VLOOKUP($A67,'0802'!$A:$D,4,0),0) -> 7247 | E67: =D67-C67 -> 7247 | L67: 4001170 | M67: CX 817 - 9522FR/SP9523FR | N67: =SUMIF('LISTA TECNICA'!$I:$I,$L67,'LISTA TECNICA'!$P:$P) -> 3528 | O67: =IFERROR(VLOOKUP($L67,'0805'!$A:$D,4,0),0) -> 2954 | P67: =IFERROR(VLOOKUP($L67,'0806'!$A:$D,4,0),0) -> 77 | Q67: =P67+O67 -> 3031 | R67: =Q67-N67 -> -497 | T67: 4505399014/00010 | U67: 1100 | V67: 12.08.2026
A68: 4012172 | B68: ETIQ SP273530AZ 120X150MM | C68: =SUMIF('LISTA TECNICA'!$I:$I,$A68,'LISTA TECNICA'!$P:$P) -> 5000 | D68: =IFERROR(VLOOKUP($A68,'0802'!$A:$D,4,0),0) -> 24420 | E68: =D68-C68 -> 19420 | L68: 4001175 | M68: CX 823 - 9417 | N68: =SUMIF('LISTA TECNICA'!$I:$I,$L68,'LISTA TECNICA'!$P:$P) -> 0 | O68: =IFERROR(VLOOKUP($L68,'0805'!$A:$D,4,0),0) -> 353 | P68: =IFERROR(VLOOKUP($L68,'0806'!$A:$D,4,0),0) -> 0 | Q68: =P68+O68 -> 353 | R68: =Q68-N68 -> 353
A69: 4012174 | B69: ETIQ SP273530BR 120X150MM | C69: =SUMIF('LISTA TECNICA'!$I:$I,$A69,'LISTA TECNICA'!$P:$P) -> 0 | D69: =IFERROR(VLOOKUP($A69,'0802'!$A:$D,4,0),0) -> 8152 | E69: =D69-C69 -> 8152 | L69: 4001178 | M69: CX 826 - 94106 KB | N69: =SUMIF('LISTA TECNICA'!$I:$I,$L69,'LISTA TECNICA'!$P:$P) -> 0 | O69: =IFERROR(VLOOKUP($L69,'0805'!$A:$D,4,0),0) -> 367 | P69: =IFERROR(VLOOKUP($L69,'0806'!$A:$D,4,0),0) -> 0 | Q69: =P69+O69 -> 367 | R69: =Q69-N69 -> 367
A70: 4012171 | B70: ETIQ SP273530LR 120X150MM | C70: =SUMIF('LISTA TECNICA'!$I:$I,$A70,'LISTA TECNICA'!$P:$P) -> 700 | D70: =IFERROR(VLOOKUP($A70,'0802'!$A:$D,4,0),0) -> 12748 | E70: =D70-C70 -> 12048 | L70: 4001183 | M70: CX 830 - 9140 | N70: =SUMIF('LISTA TECNICA'!$I:$I,$L70,'LISTA TECNICA'!$P:$P) -> 100.08 | O70: =IFERROR(VLOOKUP($L70,'0805'!$A:$D,4,0),0) -> 129 | P70: =IFERROR(VLOOKUP($L70,'0806'!$A:$D,4,0),0) -> 0 | Q70: =P70+O70 -> 129 | R70: =Q70-N70 -> 28.92 | T70: 4505336966/00190 | U70: 400 | V70: 31.07.2026
A71: 4012173 | B71: ETIQ SP273530VD 120X150MM | C71: =SUMIF('LISTA TECNICA'!$I:$I,$A71,'LISTA TECNICA'!$P:$P) -> 0 | D71: =IFERROR(VLOOKUP($A71,'0802'!$A:$D,4,0),0) -> 4181 | E71: =D71-C71 -> 4181 | L71: 4001195 | M71: CX 841 - PLACAS SINALIZ | N71: =SUMIF('LISTA TECNICA'!$I:$I,$L71,'LISTA TECNICA'!$P:$P) -> 399.6 | O71: =IFERROR(VLOOKUP($L71,'0805'!$A:$D,4,0),0) -> 0 | P71: =IFERROR(VLOOKUP($L71,'0806'!$A:$D,4,0),0) -> 0 | Q71: =P71+O71 -> 0 | R71: =Q71-N71 -> -399.6 | T71: 4505398940/00040 | U71: 600 | V71: 17.08.2026
A72: 4012170 | B72: ETIQ SP2735BR 150X180MM | C72: =SUMIF('LISTA TECNICA'!$I:$I,$A72,'LISTA TECNICA'!$P:$P) -> 900 | D72: =IFERROR(VLOOKUP($A72,'0802'!$A:$D,4,0),0) -> 9500 | E72: =D72-C72 -> 8600 | L72: 4001196 | M72: CX 842 - 9278 | N72: =SUMIF('LISTA TECNICA'!$I:$I,$L72,'LISTA TECNICA'!$P:$P) -> 0 | O72: =IFERROR(VLOOKUP($L72,'0805'!$A:$D,4,0),0) -> 108 | P72: =IFERROR(VLOOKUP($L72,'0806'!$A:$D,4,0),0) -> 0 | Q72: =P72+O72 -> 108 | R72: =Q72-N72 -> 108
A73: 4012167 | B73: ETIQ SP2735LR 150X180MM | C73: =SUMIF('LISTA TECNICA'!$I:$I,$A73,'LISTA TECNICA'!$P:$P) -> 1400 | D73: =IFERROR(VLOOKUP($A73,'0802'!$A:$D,4,0),0) -> 5832 | E73: =D73-C73 -> 4432 | L73: 4001200 | M73: CX 846 - 9255D | N73: =SUMIF('LISTA TECNICA'!$I:$I,$L73,'LISTA TECNICA'!$P:$P) -> 100.08 | O73: =IFERROR(VLOOKUP($L73,'0805'!$A:$D,4,0),0) -> 548 | P73: =IFERROR(VLOOKUP($L73,'0806'!$A:$D,4,0),0) -> 0 | Q73: =P73+O73 -> 548 | R73: =Q73-N73 -> 447.92
A74: 4012169 | B74: ETIQ SP2735VD 150X180MM | C74: =SUMIF('LISTA TECNICA'!$I:$I,$A74,'LISTA TECNICA'!$P:$P) -> 800 | D74: =IFERROR(VLOOKUP($A74,'0802'!$A:$D,4,0),0) -> 7512 | E74: =D74-C74 -> 6712 | L74: 4001201 | M74: CX 847 - 9137T | N74: =SUMIF('LISTA TECNICA'!$I:$I,$L74,'LISTA TECNICA'!$P:$P) -> 100.08 | O74: =IFERROR(VLOOKUP($L74,'0805'!$A:$D,4,0),0) -> 146 | P74: =IFERROR(VLOOKUP($L74,'0806'!$A:$D,4,0),0) -> 0 | Q74: =P74+O74 -> 146 | R74: =Q74-N74 -> 45.92
A75: 4012142 | B75: ETIQ SP274530AZ 120 X 150 MM | C75: =SUMIF('LISTA TECNICA'!$I:$I,$A75,'LISTA TECNICA'!$P:$P) -> 1200 | D75: =IFERROR(VLOOKUP($A75,'0802'!$A:$D,4,0),0) -> 2184 | E75: =D75-C75 -> 984 | L75: 4001203 | M75: CX 849 - 9399 | N75: =SUMIF('LISTA TECNICA'!$I:$I,$L75,'LISTA TECNICA'!$P:$P) -> 604.8 | O75: =IFERROR(VLOOKUP($L75,'0805'!$A:$D,4,0),0) -> 38 | P75: =IFERROR(VLOOKUP($L75,'0806'!$A:$D,4,0),0) -> 4 | Q75: =P75+O75 -> 42 | R75: =Q75-N75 -> -562.8 | T75: 4505336966/00180 4505399014/00020 | U75: 400 500 | V75: 31.07.2026 13.08.2026
A76: 4012148 | B76: ETIQ SP274530BR 120 X 150 MM | C76: =SUMIF('LISTA TECNICA'!$I:$I,$A76,'LISTA TECNICA'!$P:$P) -> 0 | D76: =IFERROR(VLOOKUP($A76,'0802'!$A:$D,4,0),0) -> 2955 | E76: =D76-C76 -> 2955 | L76: 4001206 | M76: CX 851 - 9260 | N76: =SUMIF('LISTA TECNICA'!$I:$I,$L76,'LISTA TECNICA'!$P:$P) -> 1200.96 | O76: =IFERROR(VLOOKUP($L76,'0805'!$A:$D,4,0),0) -> 1086 | P76: =IFERROR(VLOOKUP($L76,'0806'!$A:$D,4,0),0) -> 0 | Q76: =P76+O76 -> 1086 | R76: =Q76-N76 -> -114.96 | T76: 4505398940/00050 | U76: 800 | V76: 12.08.2026
A77: 4012146 | B77: ETIQ SP274530LR 120 X 150 MM | C77: =SUMIF('LISTA TECNICA'!$I:$I,$A77,'LISTA TECNICA'!$P:$P) -> 0 | D77: =IFERROR(VLOOKUP($A77,'0802'!$A:$D,4,0),0) -> 8864 | E77: =D77-C77 -> 8864 | L77: 4001209 | M77: CX 854 - 9468 | N77: =SUMIF('LISTA TECNICA'!$I:$I,$L77,'LISTA TECNICA'!$P:$P) -> 0 | O77: =IFERROR(VLOOKUP($L77,'0805'!$A:$D,4,0),0) -> 81 | P77: =IFERROR(VLOOKUP($L77,'0806'!$A:$D,4,0),0) -> 0 | Q77: =P77+O77 -> 81 | R77: =Q77-N77 -> 81
A78: 4012147 | B78: ETIQ SP274530VD 120 X 150 MM | C78: =SUMIF('LISTA TECNICA'!$I:$I,$A78,'LISTA TECNICA'!$P:$P) -> 0 | D78: =IFERROR(VLOOKUP($A78,'0802'!$A:$D,4,0),0) -> 5928 | E78: =D78-C78 -> 5928 | L78: 4001212 | M78: CX 858 - 9409 | N78: =SUMIF('LISTA TECNICA'!$I:$I,$L78,'LISTA TECNICA'!$P:$P) -> 150 | O78: =IFERROR(VLOOKUP($L78,'0805'!$A:$D,4,0),0) -> 397 | P78: =IFERROR(VLOOKUP($L78,'0806'!$A:$D,4,0),0) -> 2 | Q78: =P78+O78 -> 399 | R78: =Q78-N78 -> 249
A79: 4013427 | B79: ETIQ SP2780BR 150X180MM | C79: =SUMIF('LISTA TECNICA'!$I:$I,$A79,'LISTA TECNICA'!$P:$P) -> 0 | D79: =IFERROR(VLOOKUP($A79,'0802'!$A:$D,4,0),0) -> 800 | E79: =D79-C79 -> 800 | L79: 4001213 | M79: CX 859 - 9006C | N79: =SUMIF('LISTA TECNICA'!$I:$I,$L79,'LISTA TECNICA'!$P:$P) -> 400.32 | O79: =IFERROR(VLOOKUP($L79,'0805'!$A:$D,4,0),0) -> 663 | P79: =IFERROR(VLOOKUP($L79,'0806'!$A:$D,4,0),0) -> 49 | Q79: =P79+O79 -> 712 | R79: =Q79-N79 -> 311.68
A80: 4013424 | B80: ETIQ SP2780LR 150X180MM | C80: =SUMIF('LISTA TECNICA'!$I:$I,$A80,'LISTA TECNICA'!$P:$P) -> 0 | D80: =IFERROR(VLOOKUP($A80,'0802'!$A:$D,4,0),0) -> 1370 | E80: =D80-C80 -> 1370 | L80: 4001215 | M80: CX 860 - 9003C | N80: =SUMIF('LISTA TECNICA'!$I:$I,$L80,'LISTA TECNICA'!$P:$P) -> 450.36 | O80: =IFERROR(VLOOKUP($L80,'0805'!$A:$D,4,0),0) -> 919 | P80: =IFERROR(VLOOKUP($L80,'0806'!$A:$D,4,0),0) -> 0 | Q80: =P80+O80 -> 919 | R80: =Q80-N80 -> 468.64
A81: 4013426 | B81: ETIQ SP2780VD 150X180MM | C81: =SUMIF('LISTA TECNICA'!$I:$I,$A81,'LISTA TECNICA'!$P:$P) -> 0 | D81: =IFERROR(VLOOKUP($A81,'0802'!$A:$D,4,0),0) -> 750 | E81: =D81-C81 -> 750 | L81: 4001216 | M81: CX 861 - 9001C | N81: =SUMIF('LISTA TECNICA'!$I:$I,$L81,'LISTA TECNICA'!$P:$P) -> 700.35 | O81: =IFERROR(VLOOKUP($L81,'0805'!$A:$D,4,0),0) -> 2623 | P81: =IFERROR(VLOOKUP($L81,'0806'!$A:$D,4,0),0) -> 348 | Q81: =P81+O81 -> 2971 | R81: =Q81-N81 -> 2270.65
A82: 4013120 | B82: ETIQ SP60190BR PANTEC | C82: =SUMIF('LISTA TECNICA'!$I:$I,$A82,'LISTA TECNICA'!$P:$P) -> 400 | D82: =IFERROR(VLOOKUP($A82,'0802'!$A:$D,4,0),0) -> 5469 | E82: =D82-C82 -> 5069 | L82: 4001219 | M82: CX 864 - 9138T | N82: =SUMIF('LISTA TECNICA'!$I:$I,$L82,'LISTA TECNICA'!$P:$P) -> 200.16 | O82: =IFERROR(VLOOKUP($L82,'0805'!$A:$D,4,0),0) -> 437 | P82: =IFERROR(VLOOKUP($L82,'0806'!$A:$D,4,0),0) -> 0 | Q82: =P82+O82 -> 437 | R82: =Q82-N82 -> 236.84
A83: 4010413 | B83: ETIQ SP9157 AZUL | C83: =SUMIF('LISTA TECNICA'!$I:$I,$A83,'LISTA TECNICA'!$P:$P) -> 1505 | D83: =IFERROR(VLOOKUP($A83,'0802'!$A:$D,4,0),0) -> 6029 | E83: =D83-C83 -> 4524 | L83: 4001220 | M83: CX 865 - 9008C | N83: =SUMIF('LISTA TECNICA'!$I:$I,$L83,'LISTA TECNICA'!$P:$P) -> 100.08 | O83: =IFERROR(VLOOKUP($L83,'0805'!$A:$D,4,0),0) -> 598 | P83: =IFERROR(VLOOKUP($L83,'0806'!$A:$D,4,0),0) -> 0 | Q83: =P83+O83 -> 598 | R83: =Q83-N83 -> 497.92
A84: 4010861 | B84: ETIQ SP9157AM | C84: =SUMIF('LISTA TECNICA'!$I:$I,$A84,'LISTA TECNICA'!$P:$P) -> 1218 | D84: =IFERROR(VLOOKUP($A84,'0802'!$A:$D,4,0),0) -> 3650 | E84: =D84-C84 -> 2432 | L84: 4001221 | M84: CX 866 - NOVICA KB | N84: =SUMIF('LISTA TECNICA'!$I:$I,$L84,'LISTA TECNICA'!$P:$P) -> 5955.95 | O84: =IFERROR(VLOOKUP($L84,'0805'!$A:$D,4,0),0) -> 5347 | P84: =IFERROR(VLOOKUP($L84,'0806'!$A:$D,4,0),0) -> 509 | Q84: =P84+O84 -> 5856 | R84: =Q84-N84 -> -99.95 | T84: 4505399014/00030 | U84: 2000 | V84: 12.08.2026
A85: 4010860 | B85: ETIQ SP9157VD | C85: =SUMIF('LISTA TECNICA'!$I:$I,$A85,'LISTA TECNICA'!$P:$P) -> 0 | D85: =IFERROR(VLOOKUP($A85,'0802'!$A:$D,4,0),0) -> 962 | E85: =D85-C85 -> 962 | G85: 4505398723/00040 | H85: 1500 | I85: 18.08.2026 | L85: 4001223 | M85: CX 868 - 9021C | N85: =SUMIF('LISTA TECNICA'!$I:$I,$L85,'LISTA TECNICA'!$P:$P) -> 0 | O85: =IFERROR(VLOOKUP($L85,'0805'!$A:$D,4,0),0) -> 375 | P85: =IFERROR(VLOOKUP($L85,'0806'!$A:$D,4,0),0) -> 0 | Q85: =P85+O85 -> 375 | R85: =Q85-N85 -> 375
A86: 4010862 | B86: ETIQ SP9157VR | C86: =SUMIF('LISTA TECNICA'!$I:$I,$A86,'LISTA TECNICA'!$P:$P) -> 0 | D86: =IFERROR(VLOOKUP($A86,'0802'!$A:$D,4,0),0) -> 1752 | E86: =D86-C86 -> 1752 | L86: 4001226 | M86: CX 870 - 9004D | N86: =SUMIF('LISTA TECNICA'!$I:$I,$L86,'LISTA TECNICA'!$P:$P) -> 650.52 | O86: =IFERROR(VLOOKUP($L86,'0805'!$A:$D,4,0),0) -> 414 | P86: =IFERROR(VLOOKUP($L86,'0806'!$A:$D,4,0),0) -> 785 | Q86: =P86+O86 -> 1199 | R86: =Q86-N86 -> 548.48
A87: 4010414 | B87: ETIQ SP9158 AZUL | C87: =SUMIF('LISTA TECNICA'!$I:$I,$A87,'LISTA TECNICA'!$P:$P) -> 1512 | D87: =IFERROR(VLOOKUP($A87,'0802'!$A:$D,4,0),0) -> 2260 | E87: =D87-C87 -> 748 | G87: 4505398723/00030 | H87: 2000 | I87: 18.08.2026 | L87: 4001227 | M87: CX 871 - 9005D | N87: =SUMIF('LISTA TECNICA'!$I:$I,$L87,'LISTA TECNICA'!$P:$P) -> 450.36 | O87: =IFERROR(VLOOKUP($L87,'0805'!$A:$D,4,0),0) -> 741 | P87: =IFERROR(VLOOKUP($L87,'0806'!$A:$D,4,0),0) -> 21 | Q87: =P87+O87 -> 762 | R87: =Q87-N87 -> 311.64 | T87: 4505337207/00140 | U87: 34 | V87: 31.07.2026
A88: 4010863 | B88: ETIQ SP9158AM | C88: =SUMIF('LISTA TECNICA'!$I:$I,$A88,'LISTA TECNICA'!$P:$P) -> 0 | D88: =IFERROR(VLOOKUP($A88,'0802'!$A:$D,4,0),0) -> 8511 | E88: =D88-C88 -> 8511 | L88: 4001228 | M88: CX 873 - 9051C | N88: =SUMIF('LISTA TECNICA'!$I:$I,$L88,'LISTA TECNICA'!$P:$P) -> 0 | O88: =IFERROR(VLOOKUP($L88,'0805'!$A:$D,4,0),0) -> 571 | P88: =IFERROR(VLOOKUP($L88,'0806'!$A:$D,4,0),0) -> 0 | Q88: =P88+O88 -> 571 | R88: =Q88-N88 -> 571
A89: 4010864 | B89: ETIQ SP9158VD | C89: =SUMIF('LISTA TECNICA'!$I:$I,$A89,'LISTA TECNICA'!$P:$P) -> 0 | D89: =IFERROR(VLOOKUP($A89,'0802'!$A:$D,4,0),0) -> 9293 | E89: =D89-C89 -> 9293 | L89: 4001229 | M89: CX 874 - 9052C | N89: =SUMIF('LISTA TECNICA'!$I:$I,$L89,'LISTA TECNICA'!$P:$P) -> 100.08 | O89: =IFERROR(VLOOKUP($L89,'0805'!$A:$D,4,0),0) -> 499 | P89: =IFERROR(VLOOKUP($L89,'0806'!$A:$D,4,0),0) -> 59 | Q89: =P89+O89 -> 558 | R89: =Q89-N89 -> 457.92
A90: 4010865 | B90: ETIQ SP9158VR | C90: =SUMIF('LISTA TECNICA'!$I:$I,$A90,'LISTA TECNICA'!$P:$P) -> 0 | D90: =IFERROR(VLOOKUP($A90,'0802'!$A:$D,4,0),0) -> 1579 | E90: =D90-C90 -> 1579 | L90: 4001230 | M90: CX 875 - 9053C | N90: =SUMIF('LISTA TECNICA'!$I:$I,$L90,'LISTA TECNICA'!$P:$P) -> 200.1 | O90: =IFERROR(VLOOKUP($L90,'0805'!$A:$D,4,0),0) -> 969 | P90: =IFERROR(VLOOKUP($L90,'0806'!$A:$D,4,0),0) -> 0 | Q90: =P90+O90 -> 969 | R90: =Q90-N90 -> 768.9
A91: 4010423 | B91: ETIQ SP9232 BALDE | C91: =SUMIF('LISTA TECNICA'!$I:$I,$A91,'LISTA TECNICA'!$P:$P) -> 0 | D91: =IFERROR(VLOOKUP($A91,'0802'!$A:$D,4,0),0) -> 0 | E91: =D91-C91 -> 0 | L91: 4001232 | M91: CX 878 - 9253C | N91: =SUMIF('LISTA TECNICA'!$I:$I,$L91,'LISTA TECNICA'!$P:$P) -> 1100.88 | O91: =IFERROR(VLOOKUP($L91,'0805'!$A:$D,4,0),0) -> 1469 | P91: =IFERROR(VLOOKUP($L91,'0806'!$A:$D,4,0),0) -> 5 | Q91: =P91+O91 -> 1474 | R91: =Q91-N91 -> 373.12
A92: 4010425 | B92: ETIQ SP9232/1 | C92: =SUMIF('LISTA TECNICA'!$I:$I,$A92,'LISTA TECNICA'!$P:$P) -> 0 | D92: =IFERROR(VLOOKUP($A92,'0802'!$A:$D,4,0),0) -> 0 | E92: =D92-C92 -> 0 | L92: 4001233 | M92: CX 879 - 9406F | N92: =SUMIF('LISTA TECNICA'!$I:$I,$L92,'LISTA TECNICA'!$P:$P) -> 3830.4 | O92: =IFERROR(VLOOKUP($L92,'0805'!$A:$D,4,0),0) -> 1806 | P92: =IFERROR(VLOOKUP($L92,'0806'!$A:$D,4,0),0) -> 0 | Q92: =P92+O92 -> 1806 | R92: =Q92-N92 -> -2024.4 | T92: 4505398940/00060 | U92: 3000 | V92: 13.08.2026
A93: 4008664 | B93: ETIQ SP9347 | C93: =SUMIF('LISTA TECNICA'!$I:$I,$A93,'LISTA TECNICA'!$P:$P) -> 1200 | D93: =IFERROR(VLOOKUP($A93,'0802'!$A:$D,4,0),0) -> 12170 | E93: =D93-C93 -> 10970 | L93: 4001244 | M93: CX 891 - 9513 | N93: =SUMIF('LISTA TECNICA'!$I:$I,$L93,'LISTA TECNICA'!$P:$P) -> 100 | O93: =IFERROR(VLOOKUP($L93,'0805'!$A:$D,4,0),0) -> 477 | P93: =IFERROR(VLOOKUP($L93,'0806'!$A:$D,4,0),0) -> 0 | Q93: =P93+O93 -> 477 | R93: =Q93-N93 -> 377
A94: 4004924 | B94: ETIQ SP9704 | C94: =SUMIF('LISTA TECNICA'!$I:$I,$A94,'LISTA TECNICA'!$P:$P) -> 0 | D94: =IFERROR(VLOOKUP($A94,'0802'!$A:$D,4,0),0) -> 0 | E94: =D94-C94 -> 0 | L94: 4001249 | M94: CX 897 - 9211 | N94: =SUMIF('LISTA TECNICA'!$I:$I,$L94,'LISTA TECNICA'!$P:$P) -> 200.16 | O94: =IFERROR(VLOOKUP($L94,'0805'!$A:$D,4,0),0) -> 431 | P94: =IFERROR(VLOOKUP($L94,'0806'!$A:$D,4,0),0) -> 0 | Q94: =P94+O94 -> 431 | R94: =Q94-N94 -> 230.84
A95: 4004920 | B95: ETIQ SP9708 | C95: =SUMIF('LISTA TECNICA'!$I:$I,$A95,'LISTA TECNICA'!$P:$P) -> 0 | D95: =IFERROR(VLOOKUP($A95,'0802'!$A:$D,4,0),0) -> 3068 | E95: =D95-C95 -> 3068 | F95: 0020738249/00010 * | H95: 5000 | I95: 18.03.2026 | L95: 4010765 | M95: CX 9028 - SEM IMPRESSAO | N95: =SUMIF('LISTA TECNICA'!$I:$I,$L95,'LISTA TECNICA'!$P:$P) -> 0 | O95: =IFERROR(VLOOKUP($L95,'0805'!$A:$D,4,0),0) -> 0 | P95: =IFERROR(VLOOKUP($L95,'0806'!$A:$D,4,0),0) -> 0 | Q95: =P95+O95 -> 0 | R95: =Q95-N95 -> 0
A96: 4011454 | B96: ETIQ SP9744 | C96: =SUMIF('LISTA TECNICA'!$I:$I,$A96,'LISTA TECNICA'!$P:$P) -> 0 | D96: =IFERROR(VLOOKUP($A96,'0802'!$A:$D,4,0),0) -> 0 | E96: =D96-C96 -> 0 | L96: 4001269 | M96: CX 911 - 9145 | N96: =SUMIF('LISTA TECNICA'!$I:$I,$L96,'LISTA TECNICA'!$P:$P) -> 500.4 | O96: =IFERROR(VLOOKUP($L96,'0805'!$A:$D,4,0),0) -> 1083 | P96: =IFERROR(VLOOKUP($L96,'0806'!$A:$D,4,0),0) -> 7 | Q96: =P96+O96 -> 1090 | R96: =Q96-N96 -> 589.6
A97: 4016290 | B97: ETIQUETA PRODUTO 9349 | C97: =SUMIF('LISTA TECNICA'!$I:$I,$A97,'LISTA TECNICA'!$P:$P) -> 6000 | D97: =IFERROR(VLOOKUP($A97,'0802'!$A:$D,4,0),0) -> 35343 | E97: =D97-C97 -> 29343 | L97: 4007345 | M97: CX 9116P | N97: =SUMIF('LISTA TECNICA'!$I:$I,$L97,'LISTA TECNICA'!$P:$P) -> 0 | O97: =IFERROR(VLOOKUP($L97,'0805'!$A:$D,4,0),0) -> 78 | P97: =IFERROR(VLOOKUP($L97,'0806'!$A:$D,4,0),0) -> 34 | Q97: =P97+O97 -> 112 | R97: =Q97-N97 -> 112
A98: 4016640 | B98: ETIQUETA SP9352 | C98: =SUMIF('LISTA TECNICA'!$I:$I,$A98,'LISTA TECNICA'!$P:$P) -> 0 | D98: =IFERROR(VLOOKUP($A98,'0802'!$A:$D,4,0),0) -> 7000 | E98: =D98-C98 -> 7000 | G98: 4505069682/00010 | H98: 10000 | I98: 25.03.2026 | L98: 4001271 | M98: CX 912 - 9144 | N98: =SUMIF('LISTA TECNICA'!$I:$I,$L98,'LISTA TECNICA'!$P:$P) -> 600.48 | O98: =IFERROR(VLOOKUP($L98,'0805'!$A:$D,4,0),0) -> 350 | P98: =IFERROR(VLOOKUP($L98,'0806'!$A:$D,4,0),0) -> 0 | Q98: =P98+O98 -> 350 | R98: =Q98-N98 -> -250.48 | T98: 4505399014/00040 | U98: 600 | V98: 12.08.2026
L99: 4001273 | M99: CX 914 - 9109 | N99: =SUMIF('LISTA TECNICA'!$I:$I,$L99,'LISTA TECNICA'!$P:$P) -> 100.08 | O99: =IFERROR(VLOOKUP($L99,'0805'!$A:$D,4,0),0) -> 462 | P99: =IFERROR(VLOOKUP($L99,'0806'!$A:$D,4,0),0) -> 0 | Q99: =P99+O99 -> 462 | R99: =Q99-N99 -> 361.92
A100: ROTULO | L100: 4008709 | M100: CX 9154/9054C | N100: =SUMIF('LISTA TECNICA'!$I:$I,$L100,'LISTA TECNICA'!$P:$P) -> 400.2 | O100: =IFERROR(VLOOKUP($L100,'0805'!$A:$D,4,0),0) -> 645 | P100: =IFERROR(VLOOKUP($L100,'0806'!$A:$D,4,0),0) -> 132 | Q100: =P100+O100 -> 777 | R100: =Q100-N100 -> 376.8
A101: Material | B101: Descrição do Material | C101: Necessidade programa | D101: 802 | E101: COMPRA | F101: REQUISIÇÃO | G101: PEDIDO | H101: QUANTIDADE | I101: DATA | J101: STATUS | L101: 4001281 | M101: CX 917 - 9220 | N101: =SUMIF('LISTA TECNICA'!$I:$I,$L101,'LISTA TECNICA'!$P:$P) -> 200.04 | O101: =IFERROR(VLOOKUP($L101,'0805'!$A:$D,4,0),0) -> 334 | P101: =IFERROR(VLOOKUP($L101,'0806'!$A:$D,4,0),0) -> 0 | Q101: =P101+O101 -> 334 | R101: =Q101-N101 -> 133.96
A102: 4015043 | B102: ROT SP27030AZ | C102: =SUMIF('LISTA TECNICA'!$I:$I,$A102,'LISTA TECNICA'!$P:$P) -> 0 | D102: =IFERROR(VLOOKUP($A102,'0802'!$A:$D,4,0),0) -> 0 | E102: =D102-C102 -> 0 | L102: 4001283 | M102: CX 918 - 9117 | N102: =SUMIF('LISTA TECNICA'!$I:$I,$L102,'LISTA TECNICA'!$P:$P) -> 3602.88 | O102: =IFERROR(VLOOKUP($L102,'0805'!$A:$D,4,0),0) -> 2573 | P102: =IFERROR(VLOOKUP($L102,'0806'!$A:$D,4,0),0) -> 1096 | Q102: =P102+O102 -> 3669 | R102: =Q102-N102 -> 66.12 | T102: 4505398940/00070 | U102: 1400 | V102: 12.08.2026
...

Sheet 0802
A1: Material | B1: Texto breve material | C1: Depósito | D1: Utilização livre | E1: UMB | F1: Val.utiliz.livre
A2: 107 | B2: NOVICA LIMPA PERSIANAS MICROFIBRA 1X12​ | C2: 0802 | D2: 0 | E2: PC | F2: 0
A3: 108 | B3: NOVICA ESPANADOR MICROFIBRA LONGO 1X6​ | C3: 0802 | D3: 0 | E3: PC | F3: 0
A4: 109 | B4: NOVICA ESPANADOR CURTO MICROFIBRA 1X12​​ | C4: 0802 | D4: 0 | E4: PC | F4: 0
A5: 110 | B5: NOVICA LUVA MAGICA MICROFIBRA 1X6​ | C5: 0802 | D5: 0 | E5: PC | F5: 0
A6: 114 | B6: NOVICA ESCOVA ADAPT PLASTICA 1X36 | C6: 0802 | D6: 0 | E6: PC | F6: 0
A7: 201 | B7: NOVICA ROLO ADESIVO PAPEL 1X24 | C7: 0802 | D7: 0 | E7: PC | F7: 0
A8: 235 | B8: BALDE OVAL PLASTICO SANREMO 14L | C8: 0802 | D8: 0 | E8: PC | F8: 0
A9: 278 | B9: LIXEIRA BASCULANTE PIA PL SANREMO 6,5L | C9: 0802 | D9: 0 | E9: PC | F9: 0
A10: 279 | B10: LIXEIRA BASCULANTE PLASTICO SANREMO 19L | C10: 0802 | D10: 0 | E10: PC | F10: 0
A11: 280 | B11: LIXEIRA BASCULANTE PLAS SANREMO 20,5L | C11: 0802 | D11: 0 | E11: PC | F11: 0
A12: 281 | B12: LIXEIRA BASCULANTE PLASTICO SANREMO 10L | C12: 0802 | D12: 0 | E12: PC | F12: 0
A13: 283 | B13: LIXEIRA BASCULANTE PLASTICO SANREMO 30L | C13: 0802 | D13: 0 | E13: PC | F13: 0
... A2057: 14004057 | B2057: FACA PICOTE 2300X33X2 DESENHO MPP01002 | C2057: 0802 | D2057: 9 | E2057: PC | F2057: 625.51
A2058: 10051E | B2058: DISCO ULTRA REMOVEDOR AZUL 510MM 1X20 | C2058: 0802 | D2058: 0 | E2058: PC | F2058: 0
A2059: 10051S | B2059: DISCO ULTRA REMOV.AZUL ONDA 510MM 1X20 | C2059: 0802 | D2059: 0 | E2059: PC | F2059: 0
A2060: 11041E | B2060: DISCO LUSTRADOR VERMELHO 410MM 1X20 | C2060: 0802 | D2060: 0 | E2060: PC | F2060: 0
A2061: 11044E | B2061: DISCO LUSTRADOR VERMELHO 440MM 1X20 | C2061: 0802 | D2061: 0 | E2061: PC | F2061: 0
A2062: 11051E | B2062: DISCO RESTAURADOR VERMELHO 510MM 1X20 | C2062: 0802 | D2062: 0 | E2062: PC | F2062: 0
A2063: 12044E | B2063: DISCO LUSTRADOR CHAMPAGNE - 1 X 20 | C2063: 0802 | D2063: 0 | E2063: PC | F2063: 0
A2064: 13000/4G | B2064: LUVAS MULTIUSO AM LATEX G SUPERPRO 1X48 | C2064: 0802 | D2064: 18480 | E2064: PC | F2064: 22933.68
A2065: 13000/4M | B2065: LUVAS MULTIUSO AM LATEX M SUPERPRO 1X48 | C2065: 0802 | D2065: 42768 | E2065: PC | F2065: 54122.9
A2066: 13000/4P | B2066: LUVAS MULTIUSO AM LATEX P SUPERPRO 1X48 | C2066: 0802 | D2066: 1488 | E2066: PC | F2066: 1843.63
A2067: 13000AZ/4G | B2067: LUVAS MULTIUSO AZ LATEX G SUPERPRO 1X48 | C2067: 0802 | D2067: 24672 | E2067: PC | F2067: 32552.24
A2068: 13000AZ/4M | B2068: LUVAS MULTIUSO AZ LATEX M SUPERPRO 1X48 | C2068: 0802 | D2068: 43008 | E2068: PC | F2068: 52099.89
A2069: 13000AZ/4P | B2069: LUVAS MULTIUSO AZ LATEX P SUPERPRO 1X48 | C2069: 0802 | D2069: 12672 | E2069: PC | F2069: 15302.71
... A4034: SR64/25 | B4034: LIXEIRA SELETIVA MARROM PL SANREMO 40L | C4034: 0802 | D4034: 0 | E4034: PC | F4034: 0
D4035: 135796.42 | E4035: KG | F4035: 7651401.1
D4036: 0 | E4036: L
D4037: 0 | E4037: M
D4038: 0 | E4038: M2
D4039: 2106306 | E4039: PC
D4040: 0 | E4040: UN

Sheet 0805
A1: Material | B1: Texto breve material | C1: Depósito | D1: Utilização livre | E1: UMB | F1: Val.utiliz.livre
A2: 9256 | B2: LIXEIRA BASCUL. 60L PLAST. SUPERPRO1X6 | C2: 0805 | D2: 0 | E2: PC | F2: 0
A3: 9257 | B3: LIXEIRA BASCUL. 105L PLAST. SUPERPRO 1X6 | C3: 0805 | D3: 0 | E3: PC | F3: 0
A4: 9349 | B4: LIXEIRA COM PEDAL PEQUENA | C4: 0805 | D4: 0 | E4: PC | F4: 0
A5: 9350 | B5: LIXEIRA BASCULANTE MEDIA COM BAGFIX | C5: 0805 | D5: 0 | E5: PC | F5: 0
A6: 9351 | B6: LIXEIRA C/ PEDAL SUPERPRO 13,5L 1X6 | C6: 0805 | D6: 0 | E6: PC | F6: 0
A7: 9352 | B7: LIXEIRA RETA BASCUL.PEQUENA 10L-1X12 | C7: 0805 | D7: 0 | E7: PC | F7: 0
A8: 9353 | B8: LIXEIRA RETA BASC.GRANDE 20,50L -1X4 | C8: 0805 | D8: 0 | E8: PC | F8: 0
A9: 9356 | B9: LIXEIRA PLAST. C/PEDAL 36L SUPERPRO 1X3 | C9: 0805 | D9: 0 | E9: PC | F9: 0
A10: 9357 | B10: LIXEIRA PLAST. C/PEDAL 72L SUPERPRO 1X3 | C10: 0805 | D10: 0 | E10: PC | F10: 0
A11: 2000818 | B11: PONT ROSCA INTERNA D21 MOL089P PRETA | C11: 0805 | D11: 0 | E11: PC | F11: 0
A12: 3000741 | B12: PIG MASTER CINZA ESCURO PCZ1368 | C12: 0805 | D12: 0 | E12: KG | F12: 0
A13: 3001466 | B13: TUBO DE PAPEL 38,0X1,0X300,0MM​ | C13: 0805 | D13: 0 | E13: PC | F13: 0
... A748: 12000921 | B748: EXPOSITOR QUIMICO METAL SUPERPRO 1X1 | C748: 0805 | D748: 0 | E748: PC | F748: 0
A749: 13000M | B749: ESFREBOM LUVA MULTIUSO M | C749: 0805 | D749: 0 | E749: PC | F749: 0
A750: 13002M | B750: ESFREBOM LUVA COZINHA M | C750: 0805 | D750: 0 | E750: PC | F750: 0
A751: 9256AZ | B751: LIXEIRA PLASTICA SELETIVA AZ 60L 1X6 | C751: 0805 | D751: 0 | E751: PC | F751: 0
A752: 9356B | B752: LIXEIRA PLAST C/PEDAL BR 36L SUPERPRO1X3 | C752: 0805 | D752: 0 | E752: PC | F752: 0
A753: 9357B | B753: LIXEIRA PLAST C/PEDAL BR 72L SUPERPRO1X3 | C753: 0805 | D753: 0 | E753: PC | F753: 0
A754: 9358/9359R | B754: RODA PARA LIXEIRAS 120/240L SUPERPRO 1x2 | C754: 0805 | D754: 0 | E754: PC | F754: 0
A755: C11051E | B755: DISCO LUSTR. VERMELHO 510MM 1X20 | C755: 0805 | D755: 0 | E755: PC | F755: 0
A756: C900450E | B756: ESCOVAO - 1 X 12 | C756: 0805 | D756: 0 | E756: PC | F756: 0
A757: C9004AM | B757: VASSOURA 40CM S/CABO AMARELA 1x12 | C757: 0805 | D757: 0 | E757: PC | F757: 0
A758: C9021CE | B758: VASSOURA SUPER TUPY C/CABO 1X12 | C758: 0805 | D758: 0 | E758: PC | F758: 0
A759: C9054CE | B759: RODO PLAST. BORRACHA DUPLA 40 CM | C759: 0805 | D759: 0 | E759: PC | F759: 0
A760: C9135P | B760: MINI MOP MICROFIBRA TIRAS 1x12 | C760: 0805 | D760: 0 | E760: PC | F760: 0
... A851: SP9941CA | B851: DISCO LUSTRADOR BRANCO 41CM SUPERPRO1x10 | C851: 0805 | D851: 0 | E851: PC | F851: 0
D852: 6810.001 | E852: KG | F852: 843905.7
D853: 0 | E853: L
D854: 8 | E854: M
D855: 1641175 | E855: PC

Sheet 0806
A1: Material | B1: Texto breve material | C1: Depósito | D1: Utilização livre | E1: UMB | F1: Val.utiliz.livre
A2: 3000400 | B2: LIXEIRA C/PEDAL AMARELA 120 L - 9358AM | C2: 0806 | D2: 0 | E2: PC | F2: 0
A3: 3000401 | B3: LIXEIRA C/PEDAL AMARELA 240 L - 9359AM | C3: 0806 | D3: 0 | E3: PC | F3: 0
A4: 3000402 | B4: LIXEIRA C/PEDAL AZUL 120 L - 9358AZ | C4: 0806 | D4: 0 | E4: PC | F4: 0
A5: 3000403 | B5: LIXEIRA C/PEDAL AZUL 240 L - 9359AZ | C5: 0806 | D5: 0 | E5: PC | F5: 0
A6: 3000404 | B6: LIXEIRA C/PEDAL CINZA 120 L - 9358CZ | C6: 0806 | D6: 0 | E6: PC | F6: 0
A7: 3000405 | B7: LIXEIRA C/PEDAL CINZA 240 L - 9359CZ | C7: 0806 | D7: 0 | E7: PC | F7: 0
A8: 3000406 | B8: LIXEIRA C/PEDAL VERDE 120 L - 9358VD | C8: 0806 | D8: 0 | E8: PC | F8: 0
A9: 3000408 | B9: LIXEIRA C/PEDAL VERMELHA 120 L - 9358VR | C9: 0806 | D9: 0 | E9: PC | F9: 0
A10: 3000409 | B10: LIXEIRA C/PEDAL VERMELHA 240 L - 9359VR | C10: 0806 | D10: 0 | E10: PC | F10: 0
A11: 3000411 | B11: LIXEIRA PLAST C/PEDAL 120L - BRANCA | C11: 0806 | D11: 0 | E11: PC | F11: 0
A12: 3002721 | B12: JUMBO RL TNT BRANCO 35G 50VISC/50POL EC | C12: 0806 | D12: 0 | E12: KG | F12: 0
A13: 3002730 | B13: JUMBO RL TNT AZUL 35G 50VISC/50POL EC | C13: 0806 | D13: 0 | E13: KG | F13: 0
... A512: 4016984 | B512: TABULEIRO SUPERPRO | C512: 0806 | D512: 0 | E512: PC | F512: 0
A513: 9674C | B513: VASSOURA NOVICA PLAST CB VR SUPERPRO1X14 | C513: 0806 | D513: 0 | E513: PC | F513: 0
A514: BT1398 | B514: NOVICA MOP LAVA E SECA PLAST 1x2 | C514: 0806 | D514: 0 | E514: PC | F514: 0
A515: C9135P | B515: MINI MOP MICROFIBRA TIRAS 1x12 | C515: 0806 | D515: 0 | E515: PC | F515: 0
A516: C950010BA | B516: FIBRA LIMP BETTACO 1X20X10 | C516: 0806 | D516: 0 | E516: PC | F516: 0
A517: SP1022BR | B517: FOLHA BR GERAL IND. 101X225 1X120 | C517: 0806 | D517: 0 | E517: PC | F517: 0
A518: SP18200LAN | B518: SACO LIXO PLAST 200L LV SUPERPRO1X4X50 | C518: 0806 | D518: 0 | E518: PC | F518: 0
A519: SP18200MAN | B519: SACO LIXO PLAST 200L MD SUPERPRO1X4X50 | C519: 0806 | D519: 0 | E519: PC | F519: 0
A520: SP18250LAN | B520: SACO LIXO PLAST 250L LV SUPERPRO1X1X50 | C520: 0806 | D520: 0 | E520: PC | F520: 0
A521: SP18250MAN | B521: SACO LIXO PLAST 250L MD SUPERPRO1X1X50 | C521: 0806 | D521: 0 | E521: PC | F521: 0
A522: SP9526FR | B522: FIBRA LIMPEZA PESADA SOLUTION 1X10X12​ | C522: 0806 | D522: 0 | E522: PC | F522: 0
A523: SP9944CA | B523: DISCO LUSTRADOR BRANCO 44CM SUPERPRO1x10 | C523: 0806 | D523: 0 | E523: PC | F523: 0
D524: 378.923 | E524: KG | F524: 86426.59
D525: 0 | E525: M
D526: 421002 | E526: PC
